1177235834834800640	2020-03-19 10:01:57	2020-03-19 10:01:57	5235246442	test-d58	52.90.209.255	Local0	Info	heroku/web.1	State changed from down to starting\n
1177235834834853907	2020-03-19 10:01:57	2020-03-19 10:01:57	5235246442	test-d58	54.174.246.144	Local0	Info	heroku/web.1	Unidling\n
1177235846577983491	2020-03-19 10:02:00	2020-03-19 10:02:00	5235246442	test-d58	18.212.51.42	Syslog	Notice	heroku/web.1	Starting process with command `vendor/bin/heroku-php-apache2 public/`\n
1177235860826034177	2020-03-19 10:02:03	2020-03-19 10:02:03	5235246442	test-d58	54.84.236.65	Local7	Info	app/web.1	DOCUMENT_ROOT changed to 'public/'\n
1177235860884754432	2020-03-19 10:02:03	2020-03-19 10:02:03	5235246442	test-d58	54.84.236.65	Local7	Info	app/web.1	Detected 536870912 Bytes of RAM\n
1177235860884754433	2020-03-19 10:02:03	2020-03-19 10:02:03	5235246442	test-d58	54.84.236.65	Local7	Info	app/web.1	PHP memory_limit is 128M Bytes\n
1177235860884754434	2020-03-19 10:02:03	2020-03-19 10:02:03	5235246442	test-d58	54.84.236.65	Local7	Info	app/web.1	Starting php-fpm with 4 workers...\n
1177235861713936390	2020-03-19 10:02:03	2020-03-19 10:02:03	5235246442	test-d58	54.82.34.86	Local7	Info	app/web.1	Starting httpd...\n
1177235861999149058	2020-03-19 10:02:03	2020-03-19 10:02:04	5235246442	test-d58	35.175.224.176	Local0	Info	heroku/web.1	State changed from starting to up\n
1177235870734446618	2020-03-19 10:02:05	2020-03-19 10:02:06	5235246442	test-d58	54.91.99.118	Local3	Info	heroku/router	at=info method=HEAD path="/" host=test-d58.herokuapp.com request_id=5334134f-0d60-4a97-8892-632942e74ed3 fwd="216.245.221.84" dyno=web.1 connect=0ms service=332ms status=200 bytes=846 protocol=http\n
1177235871069446190	2020-03-19 10:02:05	2020-03-19 10:02:06	5235246442	test-d58	18.234.118.115	Local7	Info	app/web.1	10.5.233.91 - - [19/Mar/2020:19:02:05 +0900] "HEAD / HTTP/1.1" 200 - "http://test-d58.herokuapp.com/" "Mozilla/5.0+(compatible; UptimeRobot/2.0; http://www.uptimerobot.com/)\n
1177238827596300364	2020-03-19 10:13:50	2020-03-19 10:13:51	5235246442	test-d58	18.234.86.143	Local3	Info	heroku/router	at=info method=HEAD path="/" host=test-d58.herokuapp.com request_id=d568017a-0434-47dc-ba30-1f753a341f05 fwd="216.245.221.84" dyno=web.1 connect=0ms service=25ms status=200 bytes=846 protocol=http\n
1177238828107591680	2020-03-19 10:13:50	2020-03-19 10:13:51	5235246442	test-d58	54.86.128.217	Local7	Info	app/web.1	10.63.30.156 - - [19/Mar/2020:19:13:50 +0900] "HEAD / HTTP/1.1" 200 - "http://test-d58.herokuapp.com/" "Mozilla/5.0+(compatible; UptimeRobot/2.0; http://www.uptimerobot.com/)\n
1177241103366930432	2020-03-19 10:22:53	2020-03-19 10:22:53	5235246442	test-d58	54.234.235.112	Local3	Info	heroku/router	at=info method=HEAD path="/" host=test-d58.herokuapp.com request_id=dd94e397-ff9a-432d-9b71-10d9d5a98cc3 fwd="216.245.221.84" dyno=web.1 connect=0ms service=36ms status=200 bytes=844 protocol=http\n
1177241103655976963	2020-03-19 10:22:53	2020-03-19 10:22:53	5235246442	test-d58	54.210.121.56	Local7	Info	app/web.1	10.30.119.250 - - [19/Mar/2020:19:22:53 +0900] "HEAD / HTTP/1.1" 200 - "http://test-d58.herokuapp.com/" "Mozilla/5.0+(compatible; UptimeRobot/2.0; http://www.uptimerobot.com/)\n
1177245948735963139	2020-03-19 10:42:08	2020-03-19 10:42:08	5235246442	test-d58	34.207.99.19	Local3	Info	heroku/router	at=info method=HEAD path="/" host=test-d58.herokuapp.com request_id=8e4f6588-2991-402d-a997-4c9672df4c0a fwd="216.245.221.84" dyno=web.1 connect=0ms service=30ms status=200 bytes=844 protocol=http\n
1177245948849209349	2020-03-19 10:42:08	2020-03-19 10:42:08	5235246442	test-d58	54.80.14.246	Local7	Info	app/web.1	10.35.250.120 - - [19/Mar/2020:19:42:08 +0900] "HEAD / HTTP/1.1" 200 - "http://test-d58.herokuapp.com/" "Mozilla/5.0+(compatible; UptimeRobot/2.0; http://www.uptimerobot.com/)\n
1177246594409668608	2020-03-19 10:44:42	2020-03-19 10:44:42	5235246442	test-d58	54.91.99.118	Local0	Info	heroku/web.1	State changed from up to down\n
1177246595942236164	2020-03-19 10:44:42	2020-03-19 10:44:43	5235246442	test-d58	54.164.132.224	Syslog	Notice	app/api	Scaled to web@0:Free worker@0:Free by user 123windam@gmail.com
1177246599704113153	2020-03-19 10:44:43	2020-03-19 10:44:44	5235246442	test-d58	3.83.217.214	Syslog	Notice	heroku/web.1	Stopping all processes with SIGTERM\n
1177246599759339523	2020-03-19 10:44:43	2020-03-19 10:44:44	5235246442	test-d58	54.159.150.192	Local7	Info	app/web.1	Stopping php-fpm...\n
1177246599826395138	2020-03-19 10:44:43	2020-03-19 10:44:44	5235246442	test-d58	54.159.150.192	Local7	Info	app/web.1	SIGTERM received, attempting graceful shutdown...\n
1177246599826395139	2020-03-19 10:44:43	2020-03-19 10:44:44	5235246442	test-d58	54.159.150.192	Local7	Info	app/web.1	Stopping httpd gracefully...\n
1177246599826395140	2020-03-19 10:44:43	2020-03-19 10:44:44	5235246442	test-d58	54.159.150.192	Local7	Info	app/web.1	Stopping httpd...\n
1177246599826395141	2020-03-19 10:44:43	2020-03-19 10:44:44	5235246442	test-d58	54.159.150.192	Local7	Info	app/web.1	Shutdown complete.\n
1177246600788926467	2020-03-19 10:44:44	2020-03-19 10:44:44	5235246442	test-d58	34.207.214.209	Syslog	Notice	heroku/web.1	Process exited with status 143\n
1177246959789719554	2020-03-19 10:46:09	2020-03-19 10:46:09	5235246442	test-d58	52.91.242.46	Local3	Info	heroku/router	at=error code=H14 desc="No web processes running" method=GET path="/" host=test-d58.herokuapp.com request_id=e060032e-9bd8-44c2-83b1-ef06a7423dfe fwd="111.239.166.241" dyno= connect= service= status=503 bytes= protocol=https\n
1177246962024923137	2020-03-19 10:46:10	2020-03-19 10:46:10	5235246442	test-d58	52.90.29.135	Local3	Info	heroku/router	at=error code=H14 desc="No web processes running" method=GET path="/favicon.ico" host=test-d58.herokuapp.com request_id=11d82dfa-aabc-44ac-a566-1c5666119c76 fwd="111.239.166.241" dyno= connect= service= status=503 bytes= protocol=https\n
1177246984001511425	2020-03-19 10:46:15	2020-03-19 10:46:15	5235246442	test-d58	3.80.56.255	Local3	Info	heroku/router	at=error code=H14 desc="No web processes running" method=GET path="/" host=test-d58.herokuapp.com request_id=6646cbfc-d2c8-4db9-8432-3e36d97d0c16 fwd="111.239.166.241" dyno= connect= service= status=503 bytes= protocol=https\n
1177246985794691072	2020-03-19 10:46:15	2020-03-19 10:46:16	5235246442	test-d58	184.73.5.34	Local3	Info	heroku/router	at=error code=H14 desc="No web processes running" method=GET path="/favicon.ico" host=test-d58.herokuapp.com request_id=fcd8d05d-831a-401c-a037-adb32e7605f4 fwd="111.239.166.241" dyno= connect= service= status=503 bytes= protocol=https\n
1177247027414716436	2020-03-19 10:46:24	2020-03-19 10:46:26	5235246442	test-d58	54.152.45.17	Syslog	Notice	app/api	Scaled to web@1:Free worker@0:Free by user 123windam@gmail.com
1177247038358560768	2020-03-19 10:46:27	2020-03-19 10:46:28	5235246442	test-d58	54.91.53.167	Syslog	Notice	app/api	Scaled to web@1:Free worker@1:Free by user 123windam@gmail.com
1177247045891223580	2020-03-19 10:46:30	2020-03-19 10:46:30	5235246442	test-d58	54.88.193.108	Syslog	Notice	heroku/web.1	Starting process with command `vendor/bin/heroku-php-apache2 public/`\n
1177247047736172546	2020-03-19 10:46:30	2020-03-19 10:46:30	5235246442	test-d58	3.81.14.241	Syslog	Notice	heroku/worker.1	Starting process with command `php artisan queue:restart && php artisan queue:work --queue=default,follow,tweet --tries=1 --sleep=10 --timeout=960 | php artisan queue:work --queue=favorite,unfollow --tries=1 --sleep=10 --timeout=960`\n
1177247049324892162	2020-03-19 10:46:31	2020-03-19 10:46:31	5235246442	test-d58	18.234.140.211	Local0	Info	heroku/worker.1	State changed from starting to up\n
1177247056358936580	2020-03-19 10:46:32	2020-03-19 10:46:32	5235246442	test-d58	54.226.248.122	Local7	Info	app/worker.1	Broadcasting queue restart signal.\n
1177247064575602694	2020-03-19 10:46:34	2020-03-19 10:46:34	5235246442	test-d58	3.95.172.33	Local7	Info	app/web.1	DOCUMENT_ROOT changed to 'public/'\n
1177247064630775811	2020-03-19 10:46:34	2020-03-19 10:46:34	5235246442	test-d58	3.95.172.33	Local7	Info	app/web.1	Detected 536870912 Bytes of RAM\n
1177247065054400580	2020-03-19 10:46:34	2020-03-19 10:46:35	5235246442	test-d58	3.81.147.54	Local7	Info	app/web.1	PHP memory_limit is 128M Bytes\n
1177247065091915776	2020-03-19 10:46:34	2020-03-19 10:46:35	5235246442	test-d58	3.81.147.54	Local7	Info	app/web.1	Starting php-fpm with 4 workers...\n
1177247066509176833	2020-03-19 10:46:35	2020-03-19 10:46:35	5235246442	test-d58	3.86.64.71	Local7	Info	app/web.1	Starting httpd...\n
1177247067561922561	2020-03-19 10:46:35	2020-03-19 10:46:35	5235246442	test-d58	54.80.61.25	Local0	Info	heroku/web.1	State changed from starting to up\n
1177247072574193665	2020-03-19 10:46:36	2020-03-19 10:46:36	5235246442	test-d58	3.95.61.23	Local3	Info	heroku/router	at=info method=GET path="/" host=test-d58.herokuapp.com request_id=b73616e9-fc8e-4220-a1cb-3e7c57be28a7 fwd="111.239.166.241" dyno=web.1 connect=2ms service=420ms status=200 bytes=14104 protocol=https\n
1177247073098428472	2020-03-19 10:46:36	2020-03-19 10:46:36	5235246442	test-d58	54.226.51.248	Local7	Info	app/web.1	10.30.127.176 - - [19/Mar/2020:19:46:36 +0900] "GET / HTTP/1.1" 200 13213 "-" "Mozilla/5.0 (Macintosh; Intel Mac OS X 10_14_6) AppleWebKit/537.36 (KHTML, like Gecko) Chrome/80.0.3987.132 Safari/537.36\n
1177247074115051522	2020-03-19 10:46:36	2020-03-19 10:46:37	5235246442	test-d58	54.162.144.200	Local3	Info	heroku/router	at=info method=GET path="/css/main.css" host=test-d58.herokuapp.com request_id=16297133-c836-4f99-9ef7-30c303edcc42 fwd="111.239.166.241" dyno=web.1 connect=0ms service=1ms status=200 bytes=297 protocol=https\n
1177247074186305554	2020-03-19 10:46:36	2020-03-19 10:46:37	5235246442	test-d58	3.92.204.9	Local7	Info	app/web.1	10.45.47.90 - - [19/Mar/2020:19:46:36 +0900] "GET /css/main.css HTTP/1.1" 200 68 "https://test-d58.herokuapp.com/" "Mozilla/5.0 (Macintosh; Intel Mac OS X 10_14_6) AppleWebKit/537.36 (KHTML, like Gecko) Chrome/80.0.3987.132 Safari/537.36\n
1177247074226475011	2020-03-19 10:46:36	2020-03-19 10:46:37	5235246442	test-d58	3.92.204.9	Local7	Info	app/web.1	10.9.158.174 - - [19/Mar/2020:19:46:36 +0900] "GET /css/reboot.css HTTP/1.1" 200 5309 "https://test-d58.herokuapp.com/" "Mozilla/5.0 (Macintosh; Intel Mac OS X 10_14_6) AppleWebKit/537.36 (KHTML, like Gecko) Chrome/80.0.3987.132 Safari/537.36\n
1177247074229379074	2020-03-19 10:46:36	2020-03-19 10:46:37	5235246442	test-d58	18.206.186.83	Local3	Info	heroku/router	at=info method=GET path="/css/reboot.css" host=test-d58.herokuapp.com request_id=b84971c2-1ed0-462d-8d49-ef5a41887341 fwd="111.239.166.241" dyno=web.1 connect=1ms service=3ms status=200 bytes=5542 protocol=https\n
1177247074525192197	2020-03-19 10:46:37	2020-03-19 10:46:37	5235246442	test-d58	18.212.51.42	Local3	Info	heroku/router	at=info method=GET path="/images/top/bussiness_man.jpg" host=test-d58.herokuapp.com request_id=6d261af8-29f1-4057-8635-c2ea4b2cc601 fwd="111.239.166.241" dyno=web.1 connect=1ms service=12ms status=200 bytes=182562 protocol=https\n
1177247074574823424	2020-03-19 10:46:37	2020-03-19 10:46:37	5235246442	test-d58	3.83.166.255	Local3	Info	heroku/router	at=info method=GET path="/js/jquery-3.4.1.min.js" host=test-d58.herokuapp.com request_id=6d04847b-eaa6-439b-ae2f-410c7f65153d fwd="111.239.166.241" dyno=web.1 connect=1ms service=6ms status=200 bytes=88393 protocol=https\n
1177247075216551937	2020-03-19 10:46:37	2020-03-19 10:46:37	5235246442	test-d58	54.210.29.36	Local3	Info	heroku/router	at=info method=GET path="/images/icons/main-logo.png" host=test-d58.herokuapp.com request_id=25511da0-ad2e-401f-ae07-ad48bc8b84da fwd="111.239.166.241" dyno=web.1 connect=0ms service=1ms status=200 bytes=16830 protocol=https\n
1177247075238223875	2020-03-19 10:46:37	2020-03-19 10:46:37	5235246442	test-d58	54.174.246.144	Local7	Info	app/web.1	10.30.127.176 - - [19/Mar/2020:19:46:37 +0900] "GET /js/jquery-3.4.1.min.js HTTP/1.1" 200 88144 "https://test-d58.herokuapp.com/" "Mozilla/5.0 (Macintosh; Intel Mac OS X 10_14_6) AppleWebKit/537.36 (KHTML, like Gecko) Chrome/80.0.3987.132 Safari/537.36\n
1177247075290816513	2020-03-19 10:46:37	2020-03-19 10:46:37	5235246442	test-d58	54.174.246.144	Local7	Info	app/web.1	10.45.47.90 - - [19/Mar/2020:19:46:37 +0900] "GET /images/icons/main-logo.png HTTP/1.1" 200 16595 "https://test-d58.herokuapp.com/" "Mozilla/5.0 (Macintosh; Intel Mac OS X 10_14_6) AppleWebKit/537.36 (KHTML, like Gecko) Chrome/80.0.3987.132 Safari/537.36\n
1177247075290816514	2020-03-19 10:46:37	2020-03-19 10:46:37	5235246442	test-d58	54.174.246.144	Local7	Info	app/web.1	10.9.158.174 - - [19/Mar/2020:19:46:37 +0900] "GET /images/top/bussiness_man.jpg HTTP/1.1" 200 182324 "https://test-d58.herokuapp.com/" "Mozilla/5.0 (Macintosh; Intel Mac OS X 10_14_6) AppleWebKit/537.36 (KHTML, like Gecko) Chrome/80.0.3987.132 Safari/537.36\n
1177247075290816515	2020-03-19 10:46:37	2020-03-19 10:46:37	5235246442	test-d58	54.174.246.144	Local7	Info	app/web.1	10.5.155.200 - - [19/Mar/2020:19:46:37 +0900] "GET /css/utility.css HTTP/1.1" 200 79579 "https://test-d58.herokuapp.com/" "Mozilla/5.0 (Macintosh; Intel Mac OS X 10_14_6) AppleWebKit/537.36 (KHTML, like Gecko) Chrome/80.0.3987.132 Safari/537.36\n
1177247075290816516	2020-03-19 10:46:37	2020-03-19 10:46:37	5235246442	test-d58	54.174.246.144	Local7	Info	app/web.1	10.5.233.91 - - [19/Mar/2020:19:46:37 +0900] "GET /css/app.css HTTP/1.1" 200 126372 "https://test-d58.herokuapp.com/" "Mozilla/5.0 (Macintosh; Intel Mac OS X 10_14_6) AppleWebKit/537.36 (KHTML, like Gecko) Chrome/80.0.3987.132 Safari/537.36\n
1177247076048625674	2020-03-19 10:46:37	2020-03-19 10:46:37	5235246442	test-d58	52.207.144.63	Local3	Info	heroku/router	at=info method=GET path="/css/app.css" host=test-d58.herokuapp.com request_id=d29b2b2b-f30b-4ce0-a305-f46b0dac8e74 fwd="111.239.166.241" dyno=web.1 connect=1ms service=8ms status=200 bytes=126608 protocol=https\n
1177247076342177795	2020-03-19 10:46:37	2020-03-19 10:46:37	5235246442	test-d58	54.161.14.59	Local3	Info	heroku/router	at=info method=GET path="/css/utility.css" host=test-d58.herokuapp.com request_id=42402772-3fca-44da-b05b-de42c7f8fa6d fwd="111.239.166.241" dyno=web.1 connect=1ms service=8ms status=200 bytes=79814 protocol=https\n
1177247077340422146	2020-03-19 10:46:37	2020-03-19 10:46:37	5235246442	test-d58	54.157.192.119	Local3	Info	heroku/router	at=info method=GET path="/css/other.css" host=test-d58.herokuapp.com request_id=d0c6e8a3-ddcc-41ef-826d-149db88c3e53 fwd="111.239.166.241" dyno=web.1 connect=0ms service=3ms status=200 bytes=442 protocol=https\n
1177247077428551689	2020-03-19 10:46:37	2020-03-19 10:46:37	5235246442	test-d58	52.87.58.241	Local7	Info	app/web.1	10.45.47.90 - - [19/Mar/2020:19:46:37 +0900] "GET /css/other.css HTTP/1.1" 200 212 "https://test-d58.herokuapp.com/" "Mozilla/5.0 (Macintosh; Intel Mac OS X 10_14_6) AppleWebKit/537.36 (KHTML, like Gecko) Chrome/80.0.3987.132 Safari/537.36\n
1177247077467381764	2020-03-19 10:46:37	2020-03-19 10:46:37	5235246442	test-d58	52.87.58.241	Local7	Info	app/web.1	10.5.233.91 - - [19/Mar/2020:19:46:37 +0900] "GET /images/top/thinking.jpg HTTP/1.1" 200 97134 "https://test-d58.herokuapp.com/" "Mozilla/5.0 (Macintosh; Intel Mac OS X 10_14_6) AppleWebKit/537.36 (KHTML, like Gecko) Chrome/80.0.3987.132 Safari/537.36\n
1177247077585100810	2020-03-19 10:46:37	2020-03-19 10:46:38	5235246442	test-d58	54.175.20.75	Local3	Info	heroku/router	at=info method=GET path="/images/top/thinking.jpg" host=test-d58.herokuapp.com request_id=1f0003ed-f4b1-4956-81d7-31691bc31a1c fwd="111.239.166.241" dyno=web.1 connect=1ms service=11ms status=200 bytes=97371 protocol=https\n
1177247080540368896	2020-03-19 10:46:38	2020-03-19 10:46:38	5235246442	test-d58	54.211.77.16	Local3	Info	heroku/router	at=info method=GET path="/images/top/hero.jpg" host=test-d58.herokuapp.com request_id=0606a55c-8a7f-40e9-bb05-fb22906d0bfb fwd="111.239.166.241" dyno=web.1 connect=1ms service=9ms status=200 bytes=90880 protocol=https\n
1177247080964300802	2020-03-19 10:46:38	2020-03-19 10:46:38	5235246442	test-d58	54.85.249.237	Local3	Info	heroku/router	at=info method=GET path="/images/top/sky.jpg" host=test-d58.herokuapp.com request_id=6c6b8f0c-4002-47e1-a164-8dd1121f4532 fwd="111.239.166.241" dyno=web.1 connect=1ms service=12ms status=200 bytes=127536 protocol=https\n
1177247081317752833	2020-03-19 10:46:38	2020-03-19 10:46:38	5235246442	test-d58	54.163.38.154	Local3	Info	heroku/router	at=info method=GET path="/images/top/splash.jpeg" host=test-d58.herokuapp.com request_id=2cf140b8-0623-42d9-bfa7-2ba4e16a8d2b fwd="111.239.166.241" dyno=web.1 connect=1ms service=8ms status=200 bytes=74778 protocol=https\n
1177247081378684931	2020-03-19 10:46:38	2020-03-19 10:46:38	5235246442	test-d58	54.163.38.154	Local7	Info	app/web.1	10.9.158.174 - - [19/Mar/2020:19:46:38 +0900] "GET /images/top/hero.jpg HTTP/1.1" 200 90643 "https://test-d58.herokuapp.com/css/app.css" "Mozilla/5.0 (Macintosh; Intel Mac OS X 10_14_6) AppleWebKit/537.36 (KHTML, like Gecko) Chrome/80.0.3987.132 Safari/537.36\n
1177247081378684932	2020-03-19 10:46:38	2020-03-19 10:46:38	5235246442	test-d58	54.163.38.154	Local7	Info	app/web.1	10.5.233.91 - - [19/Mar/2020:19:46:38 +0900] "GET /images/top/splash.jpeg HTTP/1.1" 200 74541 "https://test-d58.herokuapp.com/css/app.css" "Mozilla/5.0 (Macintosh; Intel Mac OS X 10_14_6) AppleWebKit/537.36 (KHTML, like Gecko) Chrome/80.0.3987.132 Safari/537.36\n
1177247081378684933	2020-03-19 10:46:38	2020-03-19 10:46:38	5235246442	test-d58	54.163.38.154	Local7	Info	app/web.1	10.5.155.200 - - [19/Mar/2020:19:46:38 +0900] "GET /images/top/sky.jpg HTTP/1.1" 200 127298 "https://test-d58.herokuapp.com/css/app.css" "Mozilla/5.0 (Macintosh; Intel Mac OS X 10_14_6) AppleWebKit/537.36 (KHTML, like Gecko) Chrome/80.0.3987.132 Safari/537.36\n
1177247085149909013	2020-03-19 10:46:39	2020-03-19 10:46:39	5235246442	test-d58	100.26.206.241	Local3	Info	heroku/router	at=info method=GET path="/favicon.ico" host=test-d58.herokuapp.com request_id=420b59bd-0dfd-4a48-b8bc-54108ef474b8 fwd="111.239.166.241" dyno=web.1 connect=1ms service=3ms status=200 bytes=231 protocol=https\n
1177247085458821126	2020-03-19 10:46:39	2020-03-19 10:46:39	5235246442	test-d58	54.198.22.83	Local7	Info	app/web.1	10.5.155.200 - - [19/Mar/2020:19:46:39 +0900] "GET /favicon.ico HTTP/1.1" 200 - "https://test-d58.herokuapp.com/" "Mozilla/5.0 (Macintosh; Intel Mac OS X 10_14_6) AppleWebKit/537.36 (KHTML, like Gecko) Chrome/80.0.3987.132 Safari/537.36\n
1177247140662960128	2020-03-19 10:46:52	2020-03-19 10:46:53	5235246442	test-d58	18.234.118.115	Local3	Info	heroku/router	at=info method=POST path="/register" host=test-d58.herokuapp.com request_id=742b89cb-97b7-4af3-bcd8-4b9e037edffc fwd="111.239.166.241" dyno=web.1 connect=1ms service=1134ms status=302 bytes=1297 protocol=https\n
1177247141400027136	2020-03-19 10:46:52	2020-03-19 10:46:53	5235246442	test-d58	54.242.177.138	Local7	Info	app/web.1	10.5.155.200 - - [19/Mar/2020:19:46:51 +0900] "POST /register HTTP/1.1" 302 366 "https://test-d58.herokuapp.com/" "Mozilla/5.0 (Macintosh; Intel Mac OS X 10_14_6) AppleWebKit/537.36 (KHTML, like Gecko) Chrome/80.0.3987.132 Safari/537.36\n
1177247142774259714	2020-03-19 10:46:53	2020-03-19 10:46:53	5235246442	test-d58	54.161.199.238	Local3	Info	heroku/router	at=info method=GET path="/" host=test-d58.herokuapp.com request_id=1836d344-f27e-4f56-a5ba-b078d51b77f4 fwd="111.239.166.241" dyno=web.1 connect=1ms service=113ms status=200 bytes=14108 protocol=https\n
1177247143202078796	2020-03-19 10:46:53	2020-03-19 10:46:53	5235246442	test-d58	54.205.170.83	Local7	Info	app/web.1	10.5.155.200 - - [19/Mar/2020:19:46:53 +0900] "GET / HTTP/1.1" 200 13213 "https://test-d58.herokuapp.com/" "Mozilla/5.0 (Macintosh; Intel Mac OS X 10_14_6) AppleWebKit/537.36 (KHTML, like Gecko) Chrome/80.0.3987.132 Safari/537.36\n
1177247264361652228	2020-03-19 10:47:22	2020-03-19 10:47:22	5235246442	test-d58	54.91.53.167	Local7	Info	app/web.1	10.5.155.200 - - [19/Mar/2020:19:47:22 +0900] "GET /email/verify/2?expires=1584618412&signature=9d8a948dba5aedf2fefc114280fe8c617ff5fa51c01c4a6586fb937a74d14034 HTTP/1.1" 302 390 "-" "Mozilla/5.0 (Macintosh; Intel Mac OS X 10_14_6) AppleWebKit/537.36 (KHTML, like Gecko) Chrome/80.0.3987.132 Safari/537.36\n
1177247264367079427	2020-03-19 10:47:22	2020-03-19 10:47:22	5235246442	test-d58	3.87.245.168	Local3	Info	heroku/router	at=info method=GET path="/email/verify/2?expires=1584618412&signature=9d8a948dba5aedf2fefc114280fe8c617ff5fa51c01c4a6586fb937a74d14034" host=test-d58.herokuapp.com request_id=98207f52-c3f8-4809-9ffa-508f9a19d112 fwd="111.239.166.241" dyno=web.1 connect=1ms service=61ms status=302 bytes=1327 protocol=https\n
1177247265622777857	2020-03-19 10:47:22	2020-03-19 10:47:22	5235246442	test-d58	3.90.148.199	Local3	Info	heroku/router	at=info method=GET path="/login" host=test-d58.herokuapp.com request_id=c7070ae8-659b-40b4-bc07-01981557e2d9 fwd="111.239.166.241" dyno=web.1 connect=1ms service=53ms status=200 bytes=9473 protocol=https\n
1177247265787715584	2020-03-19 10:47:22	2020-03-19 10:47:22	5235246442	test-d58	18.233.8.28	Local7	Info	app/web.1	10.5.155.200 - - [19/Mar/2020:19:47:22 +0900] "GET /login HTTP/1.1" 200 8581 "-" "Mozilla/5.0 (Macintosh; Intel Mac OS X 10_14_6) AppleWebKit/537.36 (KHTML, like Gecko) Chrome/80.0.3987.132 Safari/537.36\n
1177247285012144129	2020-03-19 10:47:27	2020-03-19 10:47:27	5235246442	test-d58	3.81.50.20	Local7	Info	app/web.1	10.45.5.181 - - [19/Mar/2020:19:47:27 +0900] "GET /email/verify/2?expires=1584618412&signature=9d8a948dba5aedf2fefc114280fe8c617ff5fa51c01c4a6586fb937a74d14034 HTTP/1.1" 302 390 "-" "Mozilla/5.0 (Windows NT 10.0; Win64; x64) AppleWebKit/537.36 (KHTML, like Gecko) Chrome/80.0.3987.122 Safari/537.36\n
1177247285060542467	2020-03-19 10:47:27	2020-03-19 10:47:27	5235246442	test-d58	3.81.50.20	Local7	Info	app/web.1	10.30.119.250 - - [19/Mar/2020:19:47:27 +0900] "GET /login HTTP/1.1" 200 8581 "-" "Mozilla/5.0 (Windows NT 10.0; Win64; x64) AppleWebKit/537.36 (KHTML, like Gecko) Chrome/80.0.3987.122 Safari/537.36\n
1177247285060542468	2020-03-19 10:47:27	2020-03-19 10:47:27	5235246442	test-d58	3.81.50.20	Local7	Info	app/web.1	10.45.5.181 - - [19/Mar/2020:19:47:27 +0900] "GET /images/icons/main-logo.png HTTP/1.1" 200 16595 "https://test-d58.herokuapp.com/login" "Mozilla/5.0 (Windows NT 10.0; Win64; x64) AppleWebKit/537.36 (KHTML, like Gecko) Chrome/80.0.3987.122 Safari/537.36\n
1177247285060542469	2020-03-19 10:47:27	2020-03-19 10:47:27	5235246442	test-d58	3.81.50.20	Local7	Info	app/web.1	10.30.119.250 - - [19/Mar/2020:19:47:27 +0900] "GET /js/jquery-3.4.1.min.js HTTP/1.1" 200 88144 "https://test-d58.herokuapp.com/login" "Mozilla/5.0 (Windows NT 10.0; Win64; x64) AppleWebKit/537.36 (KHTML, like Gecko) Chrome/80.0.3987.122 Safari/537.36\n
1177247285060542470	2020-03-19 10:47:27	2020-03-19 10:47:27	5235246442	test-d58	3.81.50.20	Local7	Info	app/web.1	10.150.193.19 - - [19/Mar/2020:19:47:27 +0900] "GET /css/reboot.css HTTP/1.1" 200 5309 "https://test-d58.herokuapp.com/login" "Mozilla/5.0 (Windows NT 10.0; Win64; x64) AppleWebKit/537.36 (KHTML, like Gecko) Chrome/80.0.3987.122 Safari/537.36\n
1177247285060542471	2020-03-19 10:47:27	2020-03-19 10:47:27	5235246442	test-d58	3.81.50.20	Local7	Info	app/web.1	10.63.237.123 - - [19/Mar/2020:19:47:27 +0900] "GET /css/main.css HTTP/1.1" 200 68 "https://test-d58.herokuapp.com/login" "Mozilla/5.0 (Windows NT 10.0; Win64; x64) AppleWebKit/537.36 (KHTML, like Gecko) Chrome/80.0.3987.122 Safari/537.36\n
1177247285089902603	2020-03-19 10:47:27	2020-03-19 10:47:27	5235246442	test-d58	52.90.209.255	Local3	Info	heroku/router	at=info method=GET path="/email/verify/2?expires=1584618412&signature=9d8a948dba5aedf2fefc114280fe8c617ff5fa51c01c4a6586fb937a74d14034" host=test-d58.herokuapp.com request_id=144e9bac-f098-4523-8c4a-1233d7249ed6 fwd="66.102.8.219" dyno=web.1 connect=1ms service=40ms status=302 bytes=1327 protocol=https\n
1177247285096931333	2020-03-19 10:47:27	2020-03-19 10:47:27	5235246442	test-d58	54.226.248.122	Local3	Info	heroku/router	at=info method=GET path="/css/reboot.css" host=test-d58.herokuapp.com request_id=fac1ea7b-82c9-477c-8a82-1d82ea445cc0 fwd="66.102.8.217" dyno=web.1 connect=0ms service=1ms status=200 bytes=5542 protocol=https\n
1177247285595697198	2020-03-19 10:47:27	2020-03-19 10:47:27	5235246442	test-d58	3.92.55.103	Local3	Info	heroku/router	at=info method=GET path="/login" host=test-d58.herokuapp.com request_id=974a5efe-1999-49b5-83de-138bc74f1214 fwd="66.102.8.217" dyno=web.1 connect=2ms service=47ms status=200 bytes=9477 protocol=https\n
1177247285800386561	2020-03-19 10:47:27	2020-03-19 10:47:27	5235246442	test-d58	54.87.134.185	Local3	Info	heroku/router	at=info method=GET path="/css/utility.css" host=test-d58.herokuapp.com request_id=9273e748-29c0-4c24-b813-6dcff7439ffc fwd="66.102.8.193" dyno=web.1 connect=0ms service=5ms status=200 bytes=79814 protocol=https\n
1177247285891014660	2020-03-19 10:47:27	2020-03-19 10:47:27	5235246442	test-d58	35.175.147.31	Local3	Info	heroku/router	at=info method=GET path="/images/icons/main-logo.png" host=test-d58.herokuapp.com request_id=546579aa-191b-47fd-88da-ae0a3fdae5e1 fwd="66.102.8.219" dyno=web.1 connect=1ms service=3ms status=200 bytes=16830 protocol=https\n
1177247285892247573	2020-03-19 10:47:27	2020-03-19 10:47:27	5235246442	test-d58	54.173.79.85	Local3	Info	heroku/router	at=info method=GET path="/js/jquery-3.4.1.min.js" host=test-d58.herokuapp.com request_id=c38ddd64-9e0e-49af-9a6c-2d823743711f fwd="66.102.8.217" dyno=web.1 connect=1ms service=8ms status=200 bytes=88393 protocol=https\n
1177247285897994258	2020-03-19 10:47:27	2020-03-19 10:47:27	5235246442	test-d58	52.90.209.255	Local7	Info	app/web.1	10.63.237.123 - - [19/Mar/2020:19:47:27 +0900] "GET /css/app.css HTTP/1.1" 200 126372 "https://test-d58.herokuapp.com/login" "Mozilla/5.0 (Windows NT 10.0; Win64; x64) AppleWebKit/537.36 (KHTML, like Gecko) Chrome/80.0.3987.122 Safari/537.36\n
1177247285945262080	2020-03-19 10:47:27	2020-03-19 10:47:27	5235246442	test-d58	35.175.147.31	Local3	Info	heroku/router	at=info method=GET path="/css/other.css" host=test-d58.herokuapp.com request_id=87d45589-703a-42cd-986b-b90cd907b0ad fwd="66.102.8.219" dyno=web.1 connect=1ms service=5ms status=200 bytes=442 protocol=https\n
1177247285946826757	2020-03-19 10:47:27	2020-03-19 10:47:27	5235246442	test-d58	52.90.209.255	Local7	Info	app/web.1	10.45.5.181 - - [19/Mar/2020:19:47:27 +0900] "GET /css/other.css HTTP/1.1" 200 212 "https://test-d58.herokuapp.com/login" "Mozilla/5.0 (Windows NT 10.0; Win64; x64) AppleWebKit/537.36 (KHTML, like Gecko) Chrome/80.0.3987.122 Safari/537.36\n
1177247285946826758	2020-03-19 10:47:27	2020-03-19 10:47:27	5235246442	test-d58	52.90.209.255	Local7	Info	app/web.1	10.37.232.57 - - [19/Mar/2020:19:47:27 +0900] "GET /css/utility.css HTTP/1.1" 200 79579 "https://test-d58.herokuapp.com/login" "Mozilla/5.0 (Windows NT 10.0; Win64; x64) AppleWebKit/537.36 (KHTML, like Gecko) Chrome/80.0.3987.122 Safari/537.36\n
1177247285952212994	2020-03-19 10:47:27	2020-03-19 10:47:27	5235246442	test-d58	3.88.170.104	Local3	Info	heroku/router	at=info method=GET path="/css/main.css" host=test-d58.herokuapp.com request_id=cac0ae23-2849-4880-a8bf-1d49a9f5d070 fwd="66.102.8.198" dyno=web.1 connect=1ms service=1ms status=200 bytes=297 protocol=https\n
1177247286248816641	2020-03-19 10:47:27	2020-03-19 10:47:27	5235246442	test-d58	34.236.155.132	Local3	Info	heroku/router	at=info method=GET path="/css/app.css" host=test-d58.herokuapp.com request_id=6aa557ae-7533-4d6a-9baa-8a5911030b12 fwd="66.102.8.198" dyno=web.1 connect=1ms service=6ms status=200 bytes=126608 protocol=https\n
1177247327482744844	2020-03-19 10:47:37	2020-03-19 10:47:37	5235246442	test-d58	54.210.29.36	Local3	Info	heroku/router	at=info method=POST path="/login" host=test-d58.herokuapp.com request_id=9e8dbd19-dca2-4da8-9b97-20a429caa52d fwd="111.239.166.241" dyno=web.1 connect=1ms service=178ms status=302 bytes=2400 protocol=https\n
1177247327661809664	2020-03-19 10:47:37	2020-03-19 10:47:37	5235246442	test-d58	54.221.68.130	Local7	Info	app/web.1	[2020-03-19 19:47:37] development.DEBUG:   \n
1177247327726649344	2020-03-19 10:47:37	2020-03-19 10:47:37	5235246442	test-d58	54.221.68.130	Local7	Info	app/web.1	10.5.155.200 - - [19/Mar/2020:19:47:37 +0900] "POST /login HTTP/1.1" 302 818 "https://test-d58.herokuapp.com/login" "Mozilla/5.0 (Macintosh; Intel Mac OS X 10_14_6) AppleWebKit/537.36 (KHTML, like Gecko) Chrome/80.0.3987.132 Safari/537.36\n
1177247328440512513	2020-03-19 10:47:37	2020-03-19 10:47:37	5235246442	test-d58	54.234.154.84	Local3	Info	heroku/router	at=info method=GET path="/email/verify/2?expires=1584618412&signature=9d8a948dba5aedf2fefc114280fe8c617ff5fa51c01c4a6586fb937a74d14034" host=test-d58.herokuapp.com request_id=8e5fa813-9cee-4381-bddc-1f9848fd534e fwd="111.239.166.241" dyno=web.1 connect=1ms service=89ms status=302 bytes=1376 protocol=https\n
1177247329012375552	2020-03-19 10:47:37	2020-03-19 10:47:37	5235246442	test-d58	54.198.117.182	Local7	Info	app/web.1	10.5.155.200 - - [19/Mar/2020:19:47:37 +0900] "GET /email/verify/2?expires=1584618412&signature=9d8a948dba5aedf2fefc114280fe8c617ff5fa51c01c4a6586fb937a74d14034 HTTP/1.1" 302 386 "https://test-d58.herokuapp.com/login" "Mozilla/5.0 (Macintosh; Intel Mac OS X 10_14_6) AppleWebKit/537.36 (KHTML, like Gecko) Chrome/80.0.3987.132 Safari/537.36\n
1177247329585557505	2020-03-19 10:47:37	2020-03-19 10:47:38	5235246442	test-d58	54.87.134.185	Local3	Info	heroku/router	at=info method=GET path="/home" host=test-d58.herokuapp.com request_id=3e80826f-9c7a-4d1c-a763-691835e87e13 fwd="111.239.166.241" dyno=web.1 connect=1ms service=68ms status=200 bytes=4328 protocol=https\n
1177247330225819655	2020-03-19 10:47:37	2020-03-19 10:47:38	5235246442	test-d58	52.207.9.161	Local7	Info	app/web.1	[2020-03-19 19:47:37] development.DEBUG: 特にやることなし  \n
1177247330286362626	2020-03-19 10:47:37	2020-03-19 10:47:38	5235246442	test-d58	52.207.9.161	Local7	Info	app/web.1	10.5.155.200 - - [19/Mar/2020:19:47:37 +0900] "GET /home HTTP/1.1" 200 3438 "https://test-d58.herokuapp.com/login" "Mozilla/5.0 (Macintosh; Intel Mac OS X 10_14_6) AppleWebKit/537.36 (KHTML, like Gecko) Chrome/80.0.3987.132 Safari/537.36\n
1177247330916589572	2020-03-19 10:47:38	2020-03-19 10:47:38	5235246442	test-d58	3.81.147.54	Local3	Info	heroku/router	at=info method=GET path="/js/app.js?5e734dc9e7987" host=test-d58.herokuapp.com request_id=724cd2ba-a58e-45a2-8e70-7e7fd4fd386d fwd="111.239.166.241" dyno=web.1 connect=1ms service=74ms status=200 bytes=1942985 protocol=https\n
1177247331561381915	2020-03-19 10:47:38	2020-03-19 10:47:38	5235246442	test-d58	54.159.122.84	Local7	Info	app/web.1	10.5.155.200 - - [19/Mar/2020:19:47:38 +0900] "GET /js/app.js?5e734dc9e7987 HTTP/1.1" 200 1942733 "https://test-d58.herokuapp.com/home" "Mozilla/5.0 (Macintosh; Intel Mac OS X 10_14_6) AppleWebKit/537.36 (KHTML, like Gecko) Chrome/80.0.3987.132 Safari/537.36\n
1177247334522560512	2020-03-19 10:47:39	2020-03-19 10:47:39	5235246442	test-d58	54.161.199.238	Local3	Info	heroku/router	at=info method=GET path="/css/utility.css?5e734dc9e7a0d" host=test-d58.herokuapp.com request_id=e07e6cc1-16bc-4692-9f76-4662bc220292 fwd="111.239.166.241" dyno=web.1 connect=0ms service=5ms status=200 bytes=79814 protocol=https\n
1177247334660120582	2020-03-19 10:47:39	2020-03-19 10:47:39	5235246442	test-d58	3.92.204.9	Local3	Info	heroku/router	at=info method=GET path="/css/other.css?5e734dc9e7a29" host=test-d58.herokuapp.com request_id=08c20a41-74da-4c0c-bcf5-e18434daf04f fwd="111.239.166.241" dyno=web.1 connect=1ms service=2ms status=200 bytes=442 protocol=https\n
1177247334909845506	2020-03-19 10:47:39	2020-03-19 10:47:39	5235246442	test-d58	54.226.51.248	Local7	Info	app/web.1	10.150.246.196 - - [19/Mar/2020:19:47:39 +0900] "GET /css/other.css?5e734dc9e7a29 HTTP/1.1" 200 212 "https://test-d58.herokuapp.com/home" "Mozilla/5.0 (Macintosh; Intel Mac OS X 10_14_6) AppleWebKit/537.36 (KHTML, like Gecko) Chrome/80.0.3987.132 Safari/537.36\n
1177247334966018053	2020-03-19 10:47:39	2020-03-19 10:47:39	5235246442	test-d58	54.226.51.248	Local7	Info	app/web.1	10.7.242.198 - - [19/Mar/2020:19:47:39 +0900] "GET /css/app.css?5e734dc9e7a1c HTTP/1.1" 200 126372 "https://test-d58.herokuapp.com/home" "Mozilla/5.0 (Macintosh; Intel Mac OS X 10_14_6) AppleWebKit/537.36 (KHTML, like Gecko) Chrome/80.0.3987.132 Safari/537.36\n
1177247334966018054	2020-03-19 10:47:39	2020-03-19 10:47:39	5235246442	test-d58	54.226.51.248	Local7	Info	app/web.1	10.37.161.80 - - [19/Mar/2020:19:47:39 +0900] "GET /css/utility.css?5e734dc9e7a0d HTTP/1.1" 200 79579 "https://test-d58.herokuapp.com/home" "Mozilla/5.0 (Macintosh; Intel Mac OS X 10_14_6) AppleWebKit/537.36 (KHTML, like Gecko) Chrome/80.0.3987.132 Safari/537.36\n
1177247335372865539	2020-03-19 10:47:39	2020-03-19 10:47:39	5235246442	test-d58	3.93.69.112	Local3	Info	heroku/router	at=info method=GET path="/css/app.css?5e734dc9e7a1c" host=test-d58.herokuapp.com request_id=1330738d-bccd-471d-ba55-748dcd319ca1 fwd="111.239.166.241" dyno=web.1 connect=0ms service=7ms status=200 bytes=126608 protocol=https\n
1177247355642290178	2020-03-19 10:47:44	2020-03-19 10:47:44	5235246442	test-d58	54.198.117.182	Local3	Info	heroku/router	at=info method=GET path="/RestApi?id=2&model_name=Tw_Target_Account" host=test-d58.herokuapp.com request_id=9f2a3fd8-c680-406f-a38a-abb5b82bd1eb fwd="111.239.166.241" dyno=web.1 connect=0ms service=50ms status=200 bytes=902 protocol=https\n
1177247355646484482	2020-03-19 10:47:44	2020-03-19 10:47:44	5235246442	test-d58	35.172.179.194	Local3	Info	heroku/router	at=info method=GET path="/RestApi?id=2&model_name=Key_Pattern" host=test-d58.herokuapp.com request_id=1d923c27-69a2-4942-beb6-f27e111b155c fwd="111.239.166.241" dyno=web.1 connect=0ms service=62ms status=200 bytes=896 protocol=https\n
1177247355938725898	2020-03-19 10:47:44	2020-03-19 10:47:44	5235246442	test-d58	3.95.158.163	Local3	Info	heroku/router	at=info method=GET path="/RestApi?id=2&model_name=Favorite_Key_Pattern" host=test-d58.herokuapp.com request_id=95ff124f-036f-4553-9a74-90de40106543 fwd="111.239.166.241" dyno=web.1 connect=1ms service=68ms status=200 bytes=904 protocol=https\n
1177247356062953472	2020-03-19 10:47:44	2020-03-19 10:47:44	5235246442	test-d58	18.207.195.80	Local3	Info	heroku/router	at=info method=GET path="/RestApi?id=2&model_name=Tw_Account" host=test-d58.herokuapp.com request_id=9374581c-b9b1-40ef-b675-8a96fad278fb fwd="111.239.166.241" dyno=web.1 connect=1ms service=65ms status=200 bytes=896 protocol=https\n
1177247356157911042	2020-03-19 10:47:44	2020-03-19 10:47:44	5235246442	test-d58	184.72.181.47	Local7	Info	app/web.1	[2020-03-19 19:47:44] development.DEBUG: {"id":"2","model_name":"Key_Pattern"}  \n
1177247356223037452	2020-03-19 10:47:44	2020-03-19 10:47:44	5235246442	test-d58	184.72.181.47	Local7	Info	app/web.1	[2020-03-19 19:47:44] development.DEBUG: Key_Pattern  \n
1177247356223037454	2020-03-19 10:47:44	2020-03-19 10:47:44	5235246442	test-d58	184.72.181.47	Local7	Info	app/web.1	[2020-03-19 19:47:44] development.DEBUG: {"id":"2","model_name":"Tw_Account"}  \n
1177247356223037455	2020-03-19 10:47:44	2020-03-19 10:47:44	5235246442	test-d58	184.72.181.47	Local7	Info	app/web.1	[2020-03-19 19:47:44] development.DEBUG: Tw_Account  \n
1177247356223037456	2020-03-19 10:47:44	2020-03-19 10:47:44	5235246442	test-d58	184.72.181.47	Local7	Info	app/web.1	[2020-03-19 19:47:44] development.DEBUG: {"id":"2","model_name":"Favorite_Key_Pattern"}  \n
1177247356223037457	2020-03-19 10:47:44	2020-03-19 10:47:44	5235246442	test-d58	184.72.181.47	Local7	Info	app/web.1	[2020-03-19 19:47:44] development.DEBUG: Favorite_Key_Pattern  \n
1177247356223037458	2020-03-19 10:47:44	2020-03-19 10:47:44	5235246442	test-d58	184.72.181.47	Local7	Info	app/web.1	[2020-03-19 19:47:44] development.DEBUG: {"id":"2","model_name":"Tw_Target_Account"}  \n
1177247356223037459	2020-03-19 10:47:44	2020-03-19 10:47:44	5235246442	test-d58	184.72.181.47	Local7	Info	app/web.1	[2020-03-19 19:47:44] development.DEBUG: Tw_Target_Account  \n
1177247356223037460	2020-03-19 10:47:44	2020-03-19 10:47:44	5235246442	test-d58	184.72.181.47	Local7	Info	app/web.1	[2020-03-19 19:47:44] development.DEBUG:  id :2  \n
1177247356223037461	2020-03-19 10:47:44	2020-03-19 10:47:44	5235246442	test-d58	184.72.181.47	Local7	Info	app/web.1	[2020-03-19 19:47:44] development.DEBUG:  id :2  \n
1177247356223037462	2020-03-19 10:47:44	2020-03-19 10:47:44	5235246442	test-d58	184.72.181.47	Local7	Info	app/web.1	[2020-03-19 19:47:44] development.DEBUG:  id :2  \n
1177247356223037463	2020-03-19 10:47:44	2020-03-19 10:47:44	5235246442	test-d58	184.72.181.47	Local7	Info	app/web.1	10.7.242.198 - - [19/Mar/2020:19:47:44 +0900] "GET /RestApi?id=2&model_name=Key_Pattern HTTP/1.1" 200 23 "https://test-d58.herokuapp.com/home" "Mozilla/5.0 (Macintosh; Intel Mac OS X 10_14_6) AppleWebKit/537.36 (KHTML, like Gecko) Chrome/80.0.3987.132 Safari/537.36\n
1177247356223037464	2020-03-19 10:47:44	2020-03-19 10:47:44	5235246442	test-d58	184.72.181.47	Local7	Info	app/web.1	10.5.155.200 - - [19/Mar/2020:19:47:44 +0900] "GET /RestApi?id=2&model_name=Tw_Account HTTP/1.1" 200 23 "https://test-d58.herokuapp.com/home" "Mozilla/5.0 (Macintosh; Intel Mac OS X 10_14_6) AppleWebKit/537.36 (KHTML, like Gecko) Chrome/80.0.3987.132 Safari/537.36\n
1177247356223037465	2020-03-19 10:47:44	2020-03-19 10:47:44	5235246442	test-d58	184.72.181.47	Local7	Info	app/web.1	10.37.161.80 - - [19/Mar/2020:19:47:44 +0900] "GET /RestApi?id=2&model_name=Tw_Target_Account HTTP/1.1" 200 23 "https://test-d58.herokuapp.com/home" "Mozilla/5.0 (Macintosh; Intel Mac OS X 10_14_6) AppleWebKit/537.36 (KHTML, like Gecko) Chrome/80.0.3987.132 Safari/537.36\n
1177247356223037466	2020-03-19 10:47:44	2020-03-19 10:47:44	5235246442	test-d58	184.72.181.47	Local7	Info	app/web.1	[2020-03-19 19:47:44] development.DEBUG:  id :2  \n
1177247356223037467	2020-03-19 10:47:44	2020-03-19 10:47:44	5235246442	test-d58	184.72.181.47	Local7	Info	app/web.1	10.150.246.196 - - [19/Mar/2020:19:47:44 +0900] "GET /RestApi?id=2&model_name=Favorite_Key_Pattern HTTP/1.1" 200 23 "https://test-d58.herokuapp.com/home" "Mozilla/5.0 (Macintosh; Intel Mac OS X 10_14_6) AppleWebKit/537.36 (KHTML, like Gecko) Chrome/80.0.3987.132 Safari/537.36\n
1177247357212606465	2020-03-19 10:47:44	2020-03-19 10:47:44	5235246442	test-d58	3.86.64.71	Local3	Info	heroku/router	at=info method=GET path="/RestApi?id=2&model_name=Tw_Account" host=test-d58.herokuapp.com request_id=7f2b05e3-23ea-45e6-a294-6f9e7d4e3075 fwd="111.239.166.241" dyno=web.1 connect=0ms service=73ms status=200 bytes=900 protocol=https\n
1177247357420675075	2020-03-19 10:47:44	2020-03-19 10:47:44	5235246442	test-d58	34.229.38.92	Local7	Info	app/web.1	[2020-03-19 19:47:44] development.DEBUG: {"id":"2","model_name":"Tw_Account"}  \n
1177247357493186562	2020-03-19 10:47:44	2020-03-19 10:47:44	5235246442	test-d58	34.229.38.92	Local7	Info	app/web.1	[2020-03-19 19:47:44] development.DEBUG: Tw_Account  \n
1177247357493186563	2020-03-19 10:47:44	2020-03-19 10:47:44	5235246442	test-d58	34.229.38.92	Local7	Info	app/web.1	[2020-03-19 19:47:44] development.DEBUG:  id :2  \n
1177247357493186564	2020-03-19 10:47:44	2020-03-19 10:47:44	5235246442	test-d58	34.229.38.92	Local7	Info	app/web.1	10.7.242.198 - - [19/Mar/2020:19:47:44 +0900] "GET /RestApi?id=2&model_name=Tw_Account HTTP/1.1" 200 23 "https://test-d58.herokuapp.com/home" "Mozilla/5.0 (Macintosh; Intel Mac OS X 10_14_6) AppleWebKit/537.36 (KHTML, like Gecko) Chrome/80.0.3987.132 Safari/537.36\n
1177247576086519812	2020-03-19 10:48:36	2020-03-19 10:48:36	5235246442	test-d58	54.152.45.17	Local0	Info	heroku/worker.1	State changed from up to starting\n
1177247576098824199	2020-03-19 10:48:36	2020-03-19 10:48:36	5235246442	test-d58	54.86.128.217	Local0	Info	heroku/web.1	Restarting\n
1177247576138731523	2020-03-19 10:48:36	2020-03-19 10:48:36	5235246442	test-d58	100.26.191.48	Local0	Info	heroku/web.1	State changed from up to starting\n
1177247576222617607	2020-03-19 10:48:36	2020-03-19 10:48:36	5235246442	test-d58	52.90.209.255	Syslog	Notice	app/api	Set TW_GET_COUNT config vars by user 123windam@gmail.com
1177247576285585410	2020-03-19 10:48:36	2020-03-19 10:48:36	5235246442	test-d58	54.87.33.252	Local0	Info	heroku/worker.1	Restarting\n
1177247576456904737	2020-03-19 10:48:36	2020-03-19 10:48:36	5235246442	test-d58	54.158.40.116	Syslog	Notice	app/api	Release v180 created by user 123windam@gmail.com
1177247581193773056	2020-03-19 10:48:37	2020-03-19 10:48:38	5235246442	test-d58	54.159.150.192	Syslog	Notice	heroku/worker.1	Stopping all processes with SIGTERM\n
1177247581246746627	2020-03-19 10:48:37	2020-03-19 10:48:38	5235246442	test-d58	54.159.150.192	Syslog	Notice	heroku/worker.1	Process exited with status 143\n
1177247581330632707	2020-03-19 10:48:37	2020-03-19 10:48:38	5235246442	test-d58	54.147.140.114	Syslog	Notice	heroku/web.1	Stopping all processes with SIGTERM\n
1177247581347410034	2020-03-19 10:48:37	2020-03-19 10:48:38	5235246442	test-d58	54.167.77.184	Local7	Info	app/web.1	Stopping php-fpm...\n
1177247581390053379	2020-03-19 10:48:37	2020-03-19 10:48:38	5235246442	test-d58	54.167.77.184	Local7	Info	app/web.1	SIGTERM received, attempting graceful shutdown...\n
1177247581390053380	2020-03-19 10:48:37	2020-03-19 10:48:38	5235246442	test-d58	54.167.77.184	Local7	Info	app/web.1	Stopping httpd gracefully...\n
1177247581390053381	2020-03-19 10:48:37	2020-03-19 10:48:38	5235246442	test-d58	54.167.77.184	Local7	Info	app/web.1	Stopping httpd...\n
1177247581390053382	2020-03-19 10:48:38	2020-03-19 10:48:38	5235246442	test-d58	54.167.77.184	Local7	Info	app/web.1	Shutdown complete.\n
1177247582418509826	2020-03-19 10:48:38	2020-03-19 10:48:38	5235246442	test-d58	54.82.34.86	Syslog	Notice	heroku/web.1	Process exited with status 143\n
1177247586463227915	2020-03-19 10:48:39	2020-03-19 10:48:39	5235246442	test-d58	54.175.20.75	Syslog	Notice	heroku/web.1	Starting process with command `vendor/bin/heroku-php-apache2 public/`\n
1177247587401035776	2020-03-19 10:48:39	2020-03-19 10:48:39	5235246442	test-d58	3.83.166.255	Syslog	Notice	heroku/worker.1	Starting process with command `php artisan queue:restart && php artisan queue:work --queue=default,follow,tweet --tries=1 --sleep=10 --timeout=960 | php artisan queue:work --queue=favorite,unfollow --tries=1 --sleep=10 --timeout=960`\n
1177247589259468800	2020-03-19 10:48:39	2020-03-19 10:48:40	5235246442	test-d58	54.226.51.248	Local0	Info	heroku/worker.1	State changed from starting to up\n
1177247597513809921	2020-03-19 10:48:41	2020-03-19 10:48:41	5235246442	test-d58	54.81.165.2	Local7	Info	app/worker.1	Broadcasting queue restart signal.\n
1177247597571031041	2020-03-19 10:48:41	2020-03-19 10:48:41	5235246442	test-d58	52.87.238.0	Local7	Info	app/web.1	DOCUMENT_ROOT changed to 'public/'\n
1177247597616893954	2020-03-19 10:48:41	2020-03-19 10:48:41	5235246442	test-d58	52.87.238.0	Local7	Info	app/web.1	Detected 536870912 Bytes of RAM\n
1177247597616893955	2020-03-19 10:48:41	2020-03-19 10:48:41	5235246442	test-d58	52.87.238.0	Local7	Info	app/web.1	PHP memory_limit is 128M Bytes\n
1177247597616893956	2020-03-19 10:48:41	2020-03-19 10:48:41	5235246442	test-d58	52.87.238.0	Local7	Info	app/web.1	Starting php-fpm with 4 workers...\n
1177247597616893957	2020-03-19 10:48:41	2020-03-19 10:48:41	5235246442	test-d58	52.87.238.0	Local7	Info	app/web.1	Starting httpd...\n
1177247597961695255	2020-03-19 10:48:42	2020-03-19 10:48:42	5235246442	test-d58	35.175.217.21	Local0	Info	heroku/web.1	State changed from starting to up\n
1177247665121488896	2020-03-19 10:48:57	2020-03-19 10:48:58	5235246442	test-d58	54.173.254.201	Local3	Info	heroku/router	at=info method=POST path="/GetRequestToken" host=test-d58.herokuapp.com request_id=945d32d0-cf49-4e7f-ae2d-6821d40555e3 fwd="111.239.166.241" dyno=web.1 connect=0ms service=215ms status=419 bytes=596 protocol=https\n
1177247665826131970	2020-03-19 10:48:57	2020-03-19 10:48:58	5235246442	test-d58	3.91.55.220	Local7	Info	app/web.1	10.61.240.57 - - [19/Mar/2020:19:48:57 +0900] "POST /GetRequestToken HTTP/1.1" 419 41 "https://test-d58.herokuapp.com/home" "Mozilla/5.0 (Macintosh; Intel Mac OS X 10_14_6) AppleWebKit/537.36 (KHTML, like Gecko) Chrome/80.0.3987.132 Safari/537.36\n
1177247738043113475	2020-03-19 10:49:15	2020-03-19 10:49:15	5235246442	test-d58	18.209.14.133	Local7	Info	app/web.1	[2020-03-19 19:49:15] development.DEBUG: {"id":"2","model_name":"Tw_Account"}  \n
1177247738105303042	2020-03-19 10:49:15	2020-03-19 10:49:15	5235246442	test-d58	18.209.14.133	Local7	Info	app/web.1	[2020-03-19 19:49:15] development.DEBUG: Tw_Account  \n
1177247738105303043	2020-03-19 10:49:15	2020-03-19 10:49:15	5235246442	test-d58	18.209.14.133	Local7	Info	app/web.1	[2020-03-19 19:49:15] development.DEBUG:  id :2  \n
1177247738105303044	2020-03-19 10:49:15	2020-03-19 10:49:15	5235246442	test-d58	18.209.14.133	Local7	Info	app/web.1	10.61.240.57 - - [19/Mar/2020:19:49:15 +0900] "GET /RestApi?id=2&model_name=Tw_Account HTTP/1.1" 200 23 "https://test-d58.herokuapp.com/home" "Mozilla/5.0 (Macintosh; Intel Mac OS X 10_14_6) AppleWebKit/537.36 (KHTML, like Gecko) Chrome/80.0.3987.132 Safari/537.36\n
1177247738232758273	2020-03-19 10:49:15	2020-03-19 10:49:15	5235246442	test-d58	107.21.197.90	Local3	Info	heroku/router	at=info method=GET path="/RestApi?id=2&model_name=Tw_Account" host=test-d58.herokuapp.com request_id=94ad4227-2fa5-4815-bc9b-ec4ffd92f02e fwd="111.239.166.241" dyno=web.1 connect=0ms service=135ms status=200 bytes=898 protocol=https\n
1177247741157269505	2020-03-19 10:49:16	2020-03-19 10:49:16	5235246442	test-d58	52.91.19.127	Local3	Info	heroku/router	at=info method=POST path="/GetRequestToken" host=test-d58.herokuapp.com request_id=ef616457-67d5-4817-8116-df2f92f21d8a fwd="111.239.166.241" dyno=web.1 connect=0ms service=324ms status=200 bytes=1190 protocol=https\n
1177247741930508289	2020-03-19 10:49:16	2020-03-19 10:49:16	5235246442	test-d58	54.89.190.64	Local7	Info	app/web.1	[2020-03-19 19:49:16] development.DEBUG: oauth_token=rhytrwAAAAABDBI4AAABcPJpW68&oauth_token_secret=4rC4Xp7K6uQcQDuPSjfcMpyU8rDqbc7y&oauth_callback_confirmed=true  \n
1177247741982416898	2020-03-19 10:49:16	2020-03-19 10:49:16	5235246442	test-d58	54.89.190.64	Local7	Info	app/web.1	[2020-03-19 19:49:16] development.DEBUG: initial セッション  \n
1177247741982416899	2020-03-19 10:49:16	2020-03-19 10:49:16	5235246442	test-d58	54.89.190.64	Local7	Info	app/web.1	[2020-03-19 19:49:16] development.DEBUG: array (\n
1177247741982416900	2020-03-19 10:49:16	2020-03-19 10:49:16	5235246442	test-d58	54.89.190.64	Local7	Info	app/web.1	  'req_oauth_token' => 'rhytrwAAAAABDBI4AAABcPJpW68',\n
1177247741982416901	2020-03-19 10:49:16	2020-03-19 10:49:16	5235246442	test-d58	54.89.190.64	Local7	Info	app/web.1	  'req_oauth_token_secret' => '4rC4Xp7K6uQcQDuPSjfcMpyU8rDqbc7y',\n
1177247741982416902	2020-03-19 10:49:16	2020-03-19 10:49:16	5235246442	test-d58	54.89.190.64	Local7	Info	app/web.1	)  \n
1177247741982416903	2020-03-19 10:49:16	2020-03-19 10:49:16	5235246442	test-d58	54.89.190.64	Local7	Info	app/web.1	10.61.240.57 - - [19/Mar/2020:19:49:15 +0900] "POST /GetRequestToken HTTP/1.1" 200 156 "https://test-d58.herokuapp.com/home" "Mozilla/5.0 (Macintosh; Intel Mac OS X 10_14_6) AppleWebKit/537.36 (KHTML, like Gecko) Chrome/80.0.3987.132 Safari/537.36\n
1177247765996216322	2020-03-19 10:49:21	2020-03-19 10:49:22	5235246442	test-d58	3.88.170.104	Local7	Info	app/web.1	[2020-03-19 19:49:21] development.DEBUG: auth ok  \n
1177247769338798082	2020-03-19 10:49:22	2020-03-19 10:49:22	5235246442	test-d58	18.206.186.83	Local7	Info	app/web.1	[2020-03-19 19:49:22] development.DEBUG: auth ok reponse  \n
1177247769424842752	2020-03-19 10:49:22	2020-03-19 10:49:22	5235246442	test-d58	18.206.186.83	Local7	Info	app/web.1	[2020-03-19 19:49:22] development.DEBUG: oauth_token=1053251462803779584-BRdGOerk5Wgi4IQKERhDUGcizpOQCr&oauth_token_secret=oh7aRuh9t7n8rb03GWJp5LvKbuFm6lWYQis6C4SdZwEGC&user_id=1053251462803779584&screen_name=TyrantAaa  \n
1177247769424842753	2020-03-19 10:49:22	2020-03-19 10:49:22	5235246442	test-d58	18.206.186.83	Local7	Info	app/web.1	[2020-03-19 19:49:22] development.DEBUG: home crtl , auth ok   \n
1177247769424842754	2020-03-19 10:49:22	2020-03-19 10:49:22	5235246442	test-d58	18.206.186.83	Local7	Info	app/web.1	[2020-03-19 19:49:22] development.DEBUG: array (\n
1177247769424842755	2020-03-19 10:49:22	2020-03-19 10:49:22	5235246442	test-d58	18.206.186.83	Local7	Info	app/web.1	  'oauth_token' => '1053251462803779584-BRdGOerk5Wgi4IQKERhDUGcizpOQCr',\n
1177247769424842756	2020-03-19 10:49:22	2020-03-19 10:49:22	5235246442	test-d58	18.206.186.83	Local7	Info	app/web.1	  'oauth_token_secret' => 'oh7aRuh9t7n8rb03GWJp5LvKbuFm6lWYQis6C4SdZwEGC',\n
1177247769424842757	2020-03-19 10:49:22	2020-03-19 10:49:22	5235246442	test-d58	18.206.186.83	Local7	Info	app/web.1	  'user_id' => '1053251462803779584',\n
1177247769424842758	2020-03-19 10:49:22	2020-03-19 10:49:22	5235246442	test-d58	18.206.186.83	Local7	Info	app/web.1	  'screen_name' => 'TyrantAaa',\n
1177247769424842759	2020-03-19 10:49:22	2020-03-19 10:49:22	5235246442	test-d58	18.206.186.83	Local7	Info	app/web.1	)  \n
1177247769424842760	2020-03-19 10:49:22	2020-03-19 10:49:22	5235246442	test-d58	18.206.186.83	Local7	Info	app/web.1	[2020-03-19 19:49:22] development.DEBUG: https://api.twitter.com/1.1/users/show.json  \n
1177247769424842761	2020-03-19 10:49:22	2020-03-19 10:49:22	5235246442	test-d58	18.206.186.83	Local7	Info	app/web.1	[2020-03-19 19:49:22] development.DEBUG: 1053251462803779584-BRdGOerk5Wgi4IQKERhDUGcizpOQCr  \n
1177247769424842762	2020-03-19 10:49:22	2020-03-19 10:49:22	5235246442	test-d58	18.206.186.83	Local7	Info	app/web.1	[2020-03-19 19:49:22] development.DEBUG: oh7aRuh9t7n8rb03GWJp5LvKbuFm6lWYQis6C4SdZwEGC  \n
1177247769424842763	2020-03-19 10:49:22	2020-03-19 10:49:22	5235246442	test-d58	18.206.186.83	Local7	Info	app/web.1	[2020-03-19 19:49:22] development.DEBUG: {"user_id":"1053251462803779584","include_entities":"false"}  \n
1177247769424842764	2020-03-19 10:49:22	2020-03-19 10:49:22	5235246442	test-d58	18.206.186.83	Local7	Info	app/web.1	[2020-03-19 19:49:22] development.DEBUG: checkApi  \n
1177247769424842765	2020-03-19 10:49:22	2020-03-19 10:49:22	5235246442	test-d58	18.206.186.83	Local7	Info	app/web.1	[2020-03-19 19:49:22] development.DEBUG: api request create  \n
1177247769424842766	2020-03-19 10:49:22	2020-03-19 10:49:22	5235246442	test-d58	18.206.186.83	Local7	Info	app/web.1	[2020-03-19 19:49:22] development.DEBUG: カウンター作成開始  \n
1177247769424842767	2020-03-19 10:49:22	2020-03-19 10:49:22	5235246442	test-d58	18.206.186.83	Local7	Info	app/web.1	[2020-03-19 19:49:22] development.DEBUG: {"users_show":0,"followers_list":0,"friendships_create":400,"friendships_lookup":400,"friendships_destroy":1000,"search_tweets":0,"favorites_create":1000,"statuses_update":0}  \n
1177247769424842768	2020-03-19 10:49:22	2020-03-19 10:49:22	5235246442	test-d58	18.206.186.83	Local7	Info	app/web.1	[2020-03-19 19:49:22] development.DEBUG: users_show  id :  2  \n
1177247769424842769	2020-03-19 10:49:22	2020-03-19 10:49:22	5235246442	test-d58	18.206.186.83	Local7	Info	app/web.1	[2020-03-19 19:49:22] development.DEBUG: followers_list  id :  12  \n
1177247769424842770	2020-03-19 10:49:22	2020-03-19 10:49:22	5235246442	test-d58	18.206.186.83	Local7	Info	app/web.1	[2020-03-19 19:49:22] development.DEBUG: friendships_create  id :  22  \n
1177247769424842771	2020-03-19 10:49:22	2020-03-19 10:49:22	5235246442	test-d58	18.206.186.83	Local7	Info	app/web.1	[2020-03-19 19:49:22] development.DEBUG: friendships_lookup  id :  32  \n
1177247769424842772	2020-03-19 10:49:22	2020-03-19 10:49:22	5235246442	test-d58	18.206.186.83	Local7	Info	app/web.1	[2020-03-19 19:49:22] development.DEBUG: friendships_destroy  id :  42  \n
1177247769424842773	2020-03-19 10:49:22	2020-03-19 10:49:22	5235246442	test-d58	18.206.186.83	Local7	Info	app/web.1	[2020-03-19 19:49:22] development.DEBUG: search_tweets  id :  52  \n
1177247769424842774	2020-03-19 10:49:22	2020-03-19 10:49:22	5235246442	test-d58	18.206.186.83	Local7	Info	app/web.1	[2020-03-19 19:49:22] development.DEBUG: favorites_create  id :  62  \n
1177247769424842775	2020-03-19 10:49:22	2020-03-19 10:49:22	5235246442	test-d58	18.206.186.83	Local7	Info	app/web.1	[2020-03-19 19:49:22] development.DEBUG: statuses_update  id :  72  \n
1177247769424842776	2020-03-19 10:49:22	2020-03-19 10:49:22	5235246442	test-d58	18.206.186.83	Local7	Info	app/web.1	10.61.240.57 - - [19/Mar/2020:19:49:21 +0900] "GET /home?oauth_token=rhytrwAAAAABDBI4AAABcPJpW68&oauth_verifier=xgXvcSGGvCza9t96E8kQm9Yfv0bl6Pbu HTTP/1.1" 200 3437 "https://api.twitter.com/oauth/authorize" "Mozilla/5.0 (Macintosh; Intel Mac OS X 10_14_6) AppleWebKit/537.36 (KHTML, like Gecko) Chrome/80.0.3987.132 Safari/537.36\n
1177247769594929152	2020-03-19 10:49:22	2020-03-19 10:49:22	5235246442	test-d58	54.234.141.174	Local3	Info	heroku/router	at=info method=GET path="/home?oauth_token=rhytrwAAAAABDBI4AAABcPJpW68&oauth_verifier=xgXvcSGGvCza9t96E8kQm9Yfv0bl6Pbu" host=test-d58.herokuapp.com request_id=5a74b480-a003-4945-825d-bcb34640fb31 fwd="111.239.166.241" dyno=web.1 connect=0ms service=1051ms status=200 bytes=4412 protocol=https\n
1177247770921537558	2020-03-19 10:49:23	2020-03-19 10:49:23	5235246442	test-d58	100.26.45.253	Local3	Info	heroku/router	at=info method=GET path="/css/utility.css?5e734e32d6302" host=test-d58.herokuapp.com request_id=b8c1c832-7b78-4878-b01b-836c6edd0698 fwd="111.239.166.241" dyno=web.1 connect=0ms service=2ms status=200 bytes=79814 protocol=https\n
1177247771017809929	2020-03-19 10:49:23	2020-03-19 10:49:23	5235246442	test-d58	54.166.184.106	Local3	Info	heroku/router	at=info method=GET path="/js/app.js?5e734e32d62a8" host=test-d58.herokuapp.com request_id=cc7aa9af-3fbb-4bc0-b3c2-3e639557af70 fwd="111.239.166.241" dyno=web.1 connect=0ms service=32ms status=200 bytes=1942985 protocol=https\n
1177247771605647360	2020-03-19 10:49:23	2020-03-19 10:49:23	5235246442	test-d58	34.230.62.173	Local7	Info	app/web.1	10.158.213.109 - - [19/Mar/2020:19:49:23 +0900] "GET /css/utility.css?5e734e32d6302 HTTP/1.1" 200 79579 "https://test-d58.herokuapp.com/home?oauth_token=rhytrwAAAAABDBI4AAABcPJpW68&oauth_verifier=xgXvcSGGvCza9t96E8kQm9Yfv0bl6Pbu" "Mozilla/5.0 (Macintosh; Intel Mac OS X 10_14_6) AppleWebKit/537.36 (KHTML, like Gecko) Chrome/80.0.3987.132 Safari/537.36\n
1177247771663929350	2020-03-19 10:49:23	2020-03-19 10:49:23	5235246442	test-d58	34.230.62.173	Local7	Info	app/web.1	10.61.240.57 - - [19/Mar/2020:19:49:23 +0900] "GET /js/app.js?5e734e32d62a8 HTTP/1.1" 200 1942733 "https://test-d58.herokuapp.com/home?oauth_token=rhytrwAAAAABDBI4AAABcPJpW68&oauth_verifier=xgXvcSGGvCza9t96E8kQm9Yfv0bl6Pbu" "Mozilla/5.0 (Macintosh; Intel Mac OS X 10_14_6) AppleWebKit/537.36 (KHTML, like Gecko) Chrome/80.0.3987.132 Safari/537.36\n
1177247773381025792	2020-03-19 10:49:23	2020-03-19 10:49:23	5235246442	test-d58	54.159.150.192	Local7	Info	app/web.1	10.69.178.208 - - [19/Mar/2020:19:49:23 +0900] "GET /css/app.css?5e734e32d6309 HTTP/1.1" 200 126372 "https://test-d58.herokuapp.com/home?oauth_token=rhytrwAAAAABDBI4AAABcPJpW68&oauth_verifier=xgXvcSGGvCza9t96E8kQm9Yfv0bl6Pbu" "Mozilla/5.0 (Macintosh; Intel Mac OS X 10_14_6) AppleWebKit/537.36 (KHTML, like Gecko) Chrome/80.0.3987.132 Safari/537.36\n
1177247773432717315	2020-03-19 10:49:23	2020-03-19 10:49:23	5235246442	test-d58	54.159.150.192	Local7	Info	app/web.1	10.5.185.29 - - [19/Mar/2020:19:49:23 +0900] "GET /css/other.css?5e734e32d630f HTTP/1.1" 200 212 "https://test-d58.herokuapp.com/home?oauth_token=rhytrwAAAAABDBI4AAABcPJpW68&oauth_verifier=xgXvcSGGvCza9t96E8kQm9Yfv0bl6Pbu" "Mozilla/5.0 (Macintosh; Intel Mac OS X 10_14_6) AppleWebKit/537.36 (KHTML, like Gecko) Chrome/80.0.3987.132 Safari/537.36\n
1177247773449494568	2020-03-19 10:49:23	2020-03-19 10:49:23	5235246442	test-d58	18.234.86.143	Local3	Info	heroku/router	at=info method=GET path="/css/other.css?5e734e32d630f" host=test-d58.herokuapp.com request_id=e3e5a72a-2336-4ab9-abd2-5aa02acbd918 fwd="111.239.166.241" dyno=web.1 connect=1ms service=1ms status=200 bytes=442 protocol=https\n
1177247773769908232	2020-03-19 10:49:23	2020-03-19 10:49:23	5235246442	test-d58	54.91.34.192	Local3	Info	heroku/router	at=info method=GET path="/css/app.css?5e734e32d6309" host=test-d58.herokuapp.com request_id=8b4460b3-243c-4792-a20a-abf022f06df8 fwd="111.239.166.241" dyno=web.1 connect=0ms service=5ms status=200 bytes=126608 protocol=https\n
1177247793913503749	2020-03-19 10:49:28	2020-03-19 10:49:28	5235246442	test-d58	3.89.182.223	Local3	Info	heroku/router	at=info method=GET path="/RestApi?id=2&model_name=Tw_Account" host=test-d58.herokuapp.com request_id=a3ad5719-b903-49af-b4ed-216bd4c1fb94 fwd="111.239.166.241" dyno=web.1 connect=0ms service=72ms status=200 bytes=2428 protocol=https\n
1177247793915981827	2020-03-19 10:49:28	2020-03-19 10:49:28	5235246442	test-d58	18.212.234.70	Local7	Info	app/web.1	[2020-03-19 19:49:28] development.DEBUG: {"id":"2","model_name":"Favorite_Key_Pattern"}  \n
1177247793945341954	2020-03-19 10:49:28	2020-03-19 10:49:28	5235246442	test-d58	3.84.91.187	Local3	Info	heroku/router	at=info method=GET path="/RestApi?id=2&model_name=Favorite_Key_Pattern" host=test-d58.herokuapp.com request_id=33a26397-642b-4274-a8fc-4f47cce1e4ec fwd="111.239.166.241" dyno=web.1 connect=0ms service=53ms status=200 bytes=900 protocol=https\n
1177247793961287691	2020-03-19 10:49:28	2020-03-19 10:49:28	5235246442	test-d58	54.157.192.119	Local3	Info	heroku/router	at=info method=GET path="/RestApi?id=2&model_name=Tw_Target_Account" host=test-d58.herokuapp.com request_id=7afeee8d-d544-47ef-8887-70d2adbabab2 fwd="111.239.166.241" dyno=web.1 connect=0ms service=38ms status=200 bytes=900 protocol=https\n
1177247793969238017	2020-03-19 10:49:28	2020-03-19 10:49:28	5235246442	test-d58	18.212.234.70	Local7	Info	app/web.1	[2020-03-19 19:49:28] development.DEBUG: Favorite_Key_Pattern  \n
1177247793969238018	2020-03-19 10:49:28	2020-03-19 10:49:28	5235246442	test-d58	18.212.234.70	Local7	Info	app/web.1	[2020-03-19 19:49:28] development.DEBUG: {"id":"2","model_name":"Key_Pattern"}  \n
1177247793969238019	2020-03-19 10:49:28	2020-03-19 10:49:28	5235246442	test-d58	18.212.234.70	Local7	Info	app/web.1	[2020-03-19 19:49:28] development.DEBUG: Key_Pattern  \n
1177247793969238020	2020-03-19 10:49:28	2020-03-19 10:49:28	5235246442	test-d58	18.212.234.70	Local7	Info	app/web.1	[2020-03-19 19:49:28] development.DEBUG: {"id":"2","model_name":"Tw_Account"}  \n
1177247793969238021	2020-03-19 10:49:28	2020-03-19 10:49:28	5235246442	test-d58	18.212.234.70	Local7	Info	app/web.1	[2020-03-19 19:49:28] development.DEBUG: Tw_Account  \n
1177247793969238022	2020-03-19 10:49:28	2020-03-19 10:49:28	5235246442	test-d58	18.212.234.70	Local7	Info	app/web.1	[2020-03-19 19:49:28] development.DEBUG: {"id":"2","model_name":"Tw_Target_Account"}  \n
1177247793969238023	2020-03-19 10:49:28	2020-03-19 10:49:28	5235246442	test-d58	18.212.234.70	Local7	Info	app/web.1	[2020-03-19 19:49:28] development.DEBUG: Tw_Target_Account  \n
1177247793969238024	2020-03-19 10:49:28	2020-03-19 10:49:28	5235246442	test-d58	18.212.234.70	Local7	Info	app/web.1	[2020-03-19 19:49:28] development.DEBUG:  id :2  \n
1177247793969238025	2020-03-19 10:49:28	2020-03-19 10:49:28	5235246442	test-d58	18.212.234.70	Local7	Info	app/web.1	[2020-03-19 19:49:28] development.DEBUG:  id :2  \n
1177247793969238026	2020-03-19 10:49:28	2020-03-19 10:49:28	5235246442	test-d58	18.212.234.70	Local7	Info	app/web.1	10.5.185.29 - - [19/Mar/2020:19:49:28 +0900] "GET /RestApi?id=2&model_name=Tw_Target_Account HTTP/1.1" 200 23 "https://test-d58.herokuapp.com/home?oauth_token=rhytrwAAAAABDBI4AAABcPJpW68&oauth_verifier=xgXvcSGGvCza9t96E8kQm9Yfv0bl6Pbu" "Mozilla/5.0 (Macintosh; Intel Mac OS X 10_14_6) AppleWebKit/537.36 (KHTML, like Gecko) Chrome/80.0.3987.132 Safari/537.36\n
1177247793969238027	2020-03-19 10:49:28	2020-03-19 10:49:28	5235246442	test-d58	18.212.234.70	Local7	Info	app/web.1	[2020-03-19 19:49:28] development.DEBUG:  id :2  \n
1177247793969238028	2020-03-19 10:49:28	2020-03-19 10:49:28	5235246442	test-d58	18.212.234.70	Local7	Info	app/web.1	10.69.178.208 - - [19/Mar/2020:19:49:28 +0900] "GET /RestApi?id=2&model_name=Key_Pattern HTTP/1.1" 200 23 "https://test-d58.herokuapp.com/home?oauth_token=rhytrwAAAAABDBI4AAABcPJpW68&oauth_verifier=xgXvcSGGvCza9t96E8kQm9Yfv0bl6Pbu" "Mozilla/5.0 (Macintosh; Intel Mac OS X 10_14_6) AppleWebKit/537.36 (KHTML, like Gecko) Chrome/80.0.3987.132 Safari/537.36\n
1177247793969238029	2020-03-19 10:49:28	2020-03-19 10:49:28	5235246442	test-d58	18.212.234.70	Local7	Info	app/web.1	10.158.213.109 - - [19/Mar/2020:19:49:28 +0900] "GET /RestApi?id=2&model_name=Favorite_Key_Pattern HTTP/1.1" 200 23 "https://test-d58.herokuapp.com/home?oauth_token=rhytrwAAAAABDBI4AAABcPJpW68&oauth_verifier=xgXvcSGGvCza9t96E8kQm9Yfv0bl6Pbu" "Mozilla/5.0 (Macintosh; Intel Mac OS X 10_14_6) AppleWebKit/537.36 (KHTML, like Gecko) Chrome/80.0.3987.132 Safari/537.36\n
1177247793969238030	2020-03-19 10:49:28	2020-03-19 10:49:28	5235246442	test-d58	18.212.234.70	Local7	Info	app/web.1	[2020-03-19 19:49:28] development.DEBUG:  id :2  \n
1177247793969238031	2020-03-19 10:49:28	2020-03-19 10:49:28	5235246442	test-d58	18.212.234.70	Local7	Info	app/web.1	10.61.240.57 - - [19/Mar/2020:19:49:28 +0900] "GET /RestApi?id=2&model_name=Tw_Account HTTP/1.1" 200 1552 "https://test-d58.herokuapp.com/home?oauth_token=rhytrwAAAAABDBI4AAABcPJpW68&oauth_verifier=xgXvcSGGvCza9t96E8kQm9Yfv0bl6Pbu" "Mozilla/5.0 (Macintosh; Intel Mac OS X 10_14_6) AppleWebKit/537.36 (KHTML, like Gecko) Chrome/80.0.3987.132 Safari/537.36\n
1177247794041266194	2020-03-19 10:49:28	2020-03-19 10:49:28	5235246442	test-d58	34.230.39.154	Local3	Info	heroku/router	at=info method=GET path="/RestApi?id=2&model_name=Key_Pattern" host=test-d58.herokuapp.com request_id=54b9fad7-a5ec-4455-815b-4c372aa92229 fwd="111.239.166.241" dyno=web.1 connect=1ms service=55ms status=200 bytes=896 protocol=https\n
1177247795116990464	2020-03-19 10:49:28	2020-03-19 10:49:29	5235246442	test-d58	54.161.117.77	Local7	Info	app/web.1	[2020-03-19 19:49:28] development.DEBUG: {"id":"2","model_name":"Tw_Account"}  \n
1177247795183017985	2020-03-19 10:49:28	2020-03-19 10:49:29	5235246442	test-d58	54.161.117.77	Local7	Info	app/web.1	[2020-03-19 19:49:28] development.DEBUG: Tw_Account  \n
1177247795183017986	2020-03-19 10:49:28	2020-03-19 10:49:29	5235246442	test-d58	54.161.117.77	Local7	Info	app/web.1	[2020-03-19 19:49:28] development.DEBUG:  id :2  \n
1177247795183017987	2020-03-19 10:49:28	2020-03-19 10:49:29	5235246442	test-d58	54.161.117.77	Local7	Info	app/web.1	10.61.240.57 - - [19/Mar/2020:19:49:28 +0900] "GET /RestApi?id=2&model_name=Tw_Account HTTP/1.1" 200 1552 "https://test-d58.herokuapp.com/home?oauth_token=rhytrwAAAAABDBI4AAABcPJpW68&oauth_verifier=xgXvcSGGvCza9t96E8kQm9Yfv0bl6Pbu" "Mozilla/5.0 (Macintosh; Intel Mac OS X 10_14_6) AppleWebKit/537.36 (KHTML, like Gecko) Chrome/80.0.3987.132 Safari/537.36\n
1177247795585671170	2020-03-19 10:49:28	2020-03-19 10:49:29	5235246442	test-d58	54.242.172.64	Local3	Info	heroku/router	at=info method=GET path="/RestApi?id=2&model_name=Tw_Account" host=test-d58.herokuapp.com request_id=17a5f6b7-10f5-40f2-ae38-ddb213972ac1 fwd="111.239.166.241" dyno=web.1 connect=0ms service=68ms status=200 bytes=2436 protocol=https\n
1177247827317952513	2020-03-19 10:49:36	2020-03-19 10:49:36	5235246442	test-d58	54.167.81.38	Local7	Info	app/web.1	[2020-03-19 19:49:36] development.DEBUG: {"app_id":"2","keyword":["{\"opt\":\"and\",\"txt\":\"\u30a2\u30cb\u30e1\"}"],"model_name":"Favorite_Key_Pattern"}  \n
1177247827374301184	2020-03-19 10:49:36	2020-03-19 10:49:36	5235246442	test-d58	54.167.81.38	Local7	Info	app/web.1	[2020-03-19 19:49:36] development.DEBUG: Favorite_Key_Pattern  \n
1177247827374301185	2020-03-19 10:49:36	2020-03-19 10:49:36	5235246442	test-d58	54.167.81.38	Local7	Info	app/web.1	[2020-03-19 19:49:36] development.DEBUG: 11111  \n
1177247827374301186	2020-03-19 10:49:36	2020-03-19 10:49:36	5235246442	test-d58	54.167.81.38	Local7	Info	app/web.1	[2020-03-19 19:49:36] development.DEBUG: 3333  \n
1177247827374301187	2020-03-19 10:49:36	2020-03-19 10:49:36	5235246442	test-d58	54.167.81.38	Local7	Info	app/web.1	[2020-03-19 19:49:36] development.DEBUG: 4444  \n
1177247827374301188	2020-03-19 10:49:36	2020-03-19 10:49:36	5235246442	test-d58	54.167.81.38	Local7	Info	app/web.1	[2020-03-19 19:49:36] development.DEBUG: 5555  \n
1177247827374301189	2020-03-19 10:49:36	2020-03-19 10:49:36	5235246442	test-d58	54.167.81.38	Local7	Info	app/web.1	10.61.240.57 - - [19/Mar/2020:19:49:36 +0900] "GET /RestApi/create?app_id=2&keyword[]=%7B%22opt%22:%22and%22,%22txt%22:%22%E3%82%A2%E3%83%8B%E3%83%A1%22%7D&model_name=Favorite_Key_Pattern HTTP/1.1" 200 215 "https://test-d58.herokuapp.com/favorite_keyword" "Mozilla/5.0 (Macintosh; Intel Mac OS X 10_14_6) AppleWebKit/537.36 (KHTML, like Gecko) Chrome/80.0.3987.132 Safari/537.36\n
1177247827695661074	2020-03-19 10:49:36	2020-03-19 10:49:36	5235246442	test-d58	18.234.57.153	Local3	Info	heroku/router	at=info method=GET path="/RestApi/create?app_id=2&keyword[]=%7B%22opt%22:%22and%22,%22txt%22:%22%E3%82%A2%E3%83%8B%E3%83%A1%22%7D&model_name=Favorite_Key_Pattern" host=test-d58.herokuapp.com request_id=71bf3395-433b-4869-b1fd-3fc77139d799 fwd="111.239.166.241" dyno=web.1 connect=0ms service=43ms status=200 bytes=1090 protocol=https\n
1177247831181127681	2020-03-19 10:49:37	2020-03-19 10:49:37	5235246442	test-d58	54.80.14.246	Local3	Info	heroku/router	at=info method=GET path="/RestApi?id=2&model_name=Favorite_Key_Pattern" host=test-d58.herokuapp.com request_id=9b4a5ad2-bf4a-49ff-89f1-0bf9ca87ee69 fwd="111.239.166.241" dyno=web.1 connect=0ms service=53ms status=200 bytes=1110 protocol=https\n
1177247831228510208	2020-03-19 10:49:37	2020-03-19 10:49:37	5235246442	test-d58	3.85.162.237	Local7	Info	app/web.1	[2020-03-19 19:49:37] development.DEBUG: {"id":"2","model_name":"Favorite_Key_Pattern"}  \n
1177247831274647562	2020-03-19 10:49:37	2020-03-19 10:49:37	5235246442	test-d58	3.85.162.237	Local7	Info	app/web.1	[2020-03-19 19:49:37] development.DEBUG: Favorite_Key_Pattern  \n
1177247831274647563	2020-03-19 10:49:37	2020-03-19 10:49:37	5235246442	test-d58	3.85.162.237	Local7	Info	app/web.1	[2020-03-19 19:49:37] development.DEBUG:  id :2  \n
1177247831274647564	2020-03-19 10:49:37	2020-03-19 10:49:37	5235246442	test-d58	3.85.162.237	Local7	Info	app/web.1	10.61.240.57 - - [19/Mar/2020:19:49:37 +0900] "GET /RestApi?id=2&model_name=Favorite_Key_Pattern HTTP/1.1" 200 233 "https://test-d58.herokuapp.com/favorite_keyword" "Mozilla/5.0 (Macintosh; Intel Mac OS X 10_14_6) AppleWebKit/537.36 (KHTML, like Gecko) Chrome/80.0.3987.132 Safari/537.36\n
1177247838633173000	2020-03-19 10:49:39	2020-03-19 10:49:39	5235246442	test-d58	54.234.235.112	Local3	Info	heroku/router	at=info method=GET path="/RestApi?id=2&model_name=Tw_Account" host=test-d58.herokuapp.com request_id=1b09ed9e-a508-4379-afcb-97248c98244a fwd="111.239.166.241" dyno=web.1 connect=0ms service=32ms status=200 bytes=2430 protocol=https\n
1177247838782808064	2020-03-19 10:49:39	2020-03-19 10:49:39	5235246442	test-d58	54.167.81.38	Local7	Info	app/web.1	[2020-03-19 19:49:39] development.DEBUG: {"id":"2","model_name":"Tw_Account"}  \n
1177247838835732552	2020-03-19 10:49:39	2020-03-19 10:49:39	5235246442	test-d58	54.167.81.38	Local7	Info	app/web.1	[2020-03-19 19:49:39] development.DEBUG: Tw_Account  \n
1177247838839926785	2020-03-19 10:49:39	2020-03-19 10:49:39	5235246442	test-d58	54.167.81.38	Local7	Info	app/web.1	[2020-03-19 19:49:39] development.DEBUG:  id :2  \n
1177247838839926787	2020-03-19 10:49:39	2020-03-19 10:49:39	5235246442	test-d58	54.167.81.38	Local7	Info	app/web.1	10.61.240.57 - - [19/Mar/2020:19:49:39 +0900] "GET /RestApi?id=2&model_name=Tw_Account HTTP/1.1" 200 1552 "https://test-d58.herokuapp.com/home" "Mozilla/5.0 (Macintosh; Intel Mac OS X 10_14_6) AppleWebKit/537.36 (KHTML, like Gecko) Chrome/80.0.3987.132 Safari/537.36\n
1177247850336567300	2020-03-19 10:49:41	2020-03-19 10:49:42	5235246442	test-d58	54.80.61.25	Local7	Info	app/web.1	[2020-03-19 19:49:41] development.DEBUG: {"column":"tw_account_id","value":"2","model_name":"Tw_Auto_Tweet"}  \n
1177247850381418497	2020-03-19 10:49:41	2020-03-19 10:49:42	5235246442	test-d58	54.80.61.25	Local7	Info	app/web.1	[2020-03-19 19:49:41] development.DEBUG: Tw_Auto_Tweet  \n
1177247850381418498	2020-03-19 10:49:41	2020-03-19 10:49:42	5235246442	test-d58	54.80.61.25	Local7	Info	app/web.1	[2020-03-19 19:49:41] development.DEBUG: key name : id  \n
1177247850381418499	2020-03-19 10:49:41	2020-03-19 10:49:42	5235246442	test-d58	54.80.61.25	Local7	Info	app/web.1	10.61.240.57 - - [19/Mar/2020:19:49:41 +0900] "GET /RestApi?column=tw_account_id&value=2&model_name=Tw_Auto_Tweet HTTP/1.1" 200 23 "https://test-d58.herokuapp.com/my_tw_account?id=2" "Mozilla/5.0 (Macintosh; Intel Mac OS X 10_14_6) AppleWebKit/537.36 (KHTML, like Gecko) Chrome/80.0.3987.132 Safari/537.36\n
1177247850382430209	2020-03-19 10:49:41	2020-03-19 10:49:42	5235246442	test-d58	35.153.169.147	Local3	Info	heroku/router	at=info method=GET path="/RestApi?column=tw_account_id&value=2&model_name=Tw_Auto_Tweet" host=test-d58.herokuapp.com request_id=8fa2e771-f545-4c80-b84c-0727a48e55b2 fwd="111.239.166.241" dyno=web.1 connect=0ms service=51ms status=200 bytes=900 protocol=https\n
1177247876615380995	2020-03-19 10:49:48	2020-03-19 10:49:48	5235246442	test-d58	3.91.6.25	Local3	Info	heroku/router	at=info method=GET path="/RestApi/edit/edit?tw_account_id=2&favorite_key_pattern_id=2&model_name=Tw_Account" host=test-d58.herokuapp.com request_id=9c917ea3-16cc-4212-8732-5c7249d8c189 fwd="111.239.166.241" dyno=web.1 connect=0ms service=33ms status=200 bytes=2427 protocol=https\n
1177247876950618117	2020-03-19 10:49:48	2020-03-19 10:49:48	5235246442	test-d58	34.207.99.19	Local7	Info	app/web.1	[2020-03-19 19:49:48] development.DEBUG: {"tw_account_id":"2","favorite_key_pattern_id":"2","model_name":"Tw_Account"}  \n
1177247876991729670	2020-03-19 10:49:48	2020-03-19 10:49:48	5235246442	test-d58	34.207.99.19	Local7	Info	app/web.1	[2020-03-19 19:49:48] development.DEBUG: Tw_Account  \n
1177247876991729671	2020-03-19 10:49:48	2020-03-19 10:49:48	5235246442	test-d58	34.207.99.19	Local7	Info	app/web.1	[2020-03-19 19:49:48] development.DEBUG: {"tw_account_id":2,"app_id":2,"user_id":1053251462803779584,"key_pattern_id":null,"favorite_key_pattern_id":null,"screen_name":"TyrantAaa","oauth_token":"1053251462803779584-BRdGOerk5Wgi4IQKERhDUGcizpOQCr","oauth_token_secret":"oh7aRuh9t7n8rb03GWJp5LvKbuFm6lWYQis6C4SdZwEGC","profile_image_url_https":"https:\/\/abs.twimg.com\/sticky\/default_profile_images\/default_profile_normal.png","name":"tyrant_aaA","description":"\u3053\u306e\u30a2\u30ab\u30a6\u30f3\u30c8\u306fTwitterAPI\u81ea\u52d5\u64cd\u4f5c\u30a2\u30d7\u30ea\u958b\u767a\u3067\u3001\n
1177247876991729672	2020-03-19 10:49:48	2020-03-19 10:49:48	5235246442	test-d58	34.207.99.19	Local7	Info	app/web.1	\u4f7f\u3063\u3066\u304a\u308a\u307e\u3059\u3002\n
1177247876991729673	2020-03-19 10:49:48	2020-03-19 10:49:48	5235246442	test-d58	34.207.99.19	Local7	Info	app/web.1	\u3054\u4e86\u627f\u304f\u3060\u3055\u3044\u3002\n
1177247876991729674	2020-03-19 10:49:48	2020-03-19 10:49:48	5235246442	test-d58	34.207.99.19	Local7	Info	app/web.1	\u305f\u307e\u306b\u545f\u304d\u307e\u3059\u3002","follow":0,"unfollow":0,"tweet":0,"favorite":0,"follow_queue_id":0,"unfollow_queue_id":0,"favorite_queue_id":0,"auto_followers_list":0,"auto_users_show":0,"auto_friendships_create":0,"auto_friendships_lookup":0,"auto_friendships_destroy":0,"auto_search_tweets":0,"auto_favorites_create":0,"followers_list":1,"users_show":1,"friendships_create":1,"friendships_lookup":1,"friendships_destroy":1,"search_tweets":1,"favorites_create":1,"statuses_update":1,"followers_list_counter":12,"users_show_counter":2,"friendships_create_counter":22,"friendships_lookup_counter":32,"friendships_destroy_counter":42,"search_tweets_counter":52,"favorites_create_counter":62,"statuses_update_create_counter":72,"suspended":0,"queue_name":null,"unfollow_flag":0,"created_at":"2020-03-19 19:49:22","updated_at":"2020-03-19 19:49:22","deleted_at":null}  \n
1177247876991729675	2020-03-19 10:49:48	2020-03-19 10:49:48	5235246442	test-d58	34.207.99.19	Local7	Info	app/web.1	10.61.240.57 - - [19/Mar/2020:19:49:48 +0900] "GET /RestApi/edit/edit?tw_account_id=2&favorite_key_pattern_id=2&model_name=Tw_Account HTTP/1.1" 200 1549 "https://test-d58.herokuapp.com/my_tw_account?id=2" "Mozilla/5.0 (Macintosh; Intel Mac OS X 10_14_6) AppleWebKit/537.36 (KHTML, like Gecko) Chrome/80.0.3987.132 Safari/537.36\n
1177247880473235458	2020-03-19 10:49:49	2020-03-19 10:49:49	5235246442	test-d58	54.82.252.219	Local7	Info	app/web.1	[2020-03-19 19:49:49] development.DEBUG: {"id":"2","model_name":"Tw_Account"}  \n
1177247880519426049	2020-03-19 10:49:49	2020-03-19 10:49:49	5235246442	test-d58	54.82.252.219	Local7	Info	app/web.1	[2020-03-19 19:49:49] development.DEBUG: Tw_Account  \n
1177247880519426050	2020-03-19 10:49:49	2020-03-19 10:49:49	5235246442	test-d58	54.82.252.219	Local7	Info	app/web.1	[2020-03-19 19:49:49] development.DEBUG:  id :2  \n
1177247880519426051	2020-03-19 10:49:49	2020-03-19 10:49:49	5235246442	test-d58	54.82.252.219	Local7	Info	app/web.1	10.61.240.57 - - [19/Mar/2020:19:49:49 +0900] "GET /RestApi?id=2&model_name=Tw_Account HTTP/1.1" 200 1549 "https://test-d58.herokuapp.com/my_tw_account?id=2" "Mozilla/5.0 (Macintosh; Intel Mac OS X 10_14_6) AppleWebKit/537.36 (KHTML, like Gecko) Chrome/80.0.3987.132 Safari/537.36\n
1177247880574803969	2020-03-19 10:49:49	2020-03-19 10:49:49	5235246442	test-d58	54.157.192.119	Local3	Info	heroku/router	at=info method=GET path="/RestApi?id=2&model_name=Tw_Account" host=test-d58.herokuapp.com request_id=f2187aa0-85a7-4ec8-b0cc-f7fbe6f418e0 fwd="111.239.166.241" dyno=web.1 connect=0ms service=54ms status=200 bytes=2425 protocol=https\n
1177247889390379008	2020-03-19 10:49:51	2020-03-19 10:49:51	5235246442	test-d58	18.234.194.179	Local7	Info	app/web.1	[2020-03-19 19:49:51] development.DEBUG: array (\n
1177247889445449733	2020-03-19 10:49:51	2020-03-19 10:49:51	5235246442	test-d58	18.234.194.179	Local7	Info	app/web.1	  'pattern' => 'start',\n
1177247889445449734	2020-03-19 10:49:51	2020-03-19 10:49:51	5235246442	test-d58	18.234.194.179	Local7	Info	app/web.1	  'domain2' => 'favorite',\n
1177247889445449735	2020-03-19 10:49:51	2020-03-19 10:49:51	5235246442	test-d58	18.234.194.179	Local7	Info	app/web.1	  'tw_account_id' => 2,\n
1177247889445449736	2020-03-19 10:49:51	2020-03-19 10:49:51	5235246442	test-d58	18.234.194.179	Local7	Info	app/web.1	)  \n
1177247889445449737	2020-03-19 10:49:51	2020-03-19 10:49:51	5235246442	test-d58	18.234.194.179	Local7	Info	app/web.1	[2020-03-19 19:49:51] development.DEBUG: FavoriteStart start  \n
1177247889445449738	2020-03-19 10:49:51	2020-03-19 10:49:51	5235246442	test-d58	18.234.194.179	Local7	Info	app/web.1	[2020-03-19 19:49:51] development.DEBUG: アニメ   \n
1177247889445449739	2020-03-19 10:49:51	2020-03-19 10:49:51	5235246442	test-d58	18.234.194.179	Local7	Info	app/web.1	[2020-03-19 19:49:51] development.DEBUG: 遅延：1  \n
1177247889445449740	2020-03-19 10:49:51	2020-03-19 10:49:51	5235246442	test-d58	18.234.194.179	Local7	Info	app/web.1	[2020-03-19 19:49:51] development.DEBUG: destruct  \n
1177247889445449741	2020-03-19 10:49:51	2020-03-19 10:49:51	5235246442	test-d58	18.234.194.179	Local7	Info	app/web.1	[2020-03-19 19:49:51] development.DEBUG: 2  \n
1177247889445449742	2020-03-19 10:49:51	2020-03-19 10:49:51	5235246442	test-d58	18.234.194.179	Local7	Info	app/web.1	10.61.240.57 - - [19/Mar/2020:19:49:51 +0900] "POST /startAutoFunction HTTP/1.1" 200 1547 "https://test-d58.herokuapp.com/my_tw_account?id=2" "Mozilla/5.0 (Macintosh; Intel Mac OS X 10_14_6) AppleWebKit/537.36 (KHTML, like Gecko) Chrome/80.0.3987.132 Safari/537.36\n
1177247889976856594	2020-03-19 10:49:51	2020-03-19 10:49:51	5235246442	test-d58	34.235.170.66	Local3	Info	heroku/router	at=info method=POST path="/startAutoFunction" host=test-d58.herokuapp.com request_id=71ff8f9a-b924-418d-8821-07c73574901b fwd="111.239.166.241" dyno=web.1 connect=0ms service=93ms status=200 bytes=2429 protocol=https\n
1177247892810997760	2020-03-19 10:49:52	2020-03-19 10:49:52	5235246442	test-d58	54.91.53.167	Local3	Info	heroku/router	at=info method=GET path="/RestApi?id=2&model_name=Tw_Account" host=test-d58.herokuapp.com request_id=8bc5b398-9145-4627-a88c-617281fe2221 fwd="111.239.166.241" dyno=web.1 connect=0ms service=115ms status=200 bytes=2425 protocol=https\n
1177247892810997774	2020-03-19 10:49:52	2020-03-19 10:49:52	5235246442	test-d58	54.91.99.118	Local7	Info	app/web.1	[2020-03-19 19:49:52] development.DEBUG: {"id":"2","model_name":"Tw_Account"}  \n
1177247892862976021	2020-03-19 10:49:52	2020-03-19 10:49:52	5235246442	test-d58	54.91.99.118	Local7	Info	app/web.1	[2020-03-19 19:49:52] development.DEBUG: Tw_Account  \n
1177247892862976022	2020-03-19 10:49:52	2020-03-19 10:49:52	5235246442	test-d58	54.91.99.118	Local7	Info	app/web.1	[2020-03-19 19:49:52] development.DEBUG:  id :2  \n
1177247892862976023	2020-03-19 10:49:52	2020-03-19 10:49:52	5235246442	test-d58	54.91.99.118	Local7	Info	app/web.1	10.61.240.57 - - [19/Mar/2020:19:49:52 +0900] "GET /RestApi?id=2&model_name=Tw_Account HTTP/1.1" 200 1549 "https://test-d58.herokuapp.com/my_tw_account?id=2" "Mozilla/5.0 (Macintosh; Intel Mac OS X 10_14_6) AppleWebKit/537.36 (KHTML, like Gecko) Chrome/80.0.3987.132 Safari/537.36\n
1177248144878919681	2020-03-19 10:50:52	2020-03-19 10:50:52	5235246442	test-d58	3.87.23.59	Local7	Info	app/worker.1	[2020-03-19 19:50:52][2] Processing: App\Jobs\favorite\SearchTweetRoopJob\n
1177248144921944070	2020-03-19 10:50:52	2020-03-19 10:50:52	5235246442	test-d58	3.87.23.59	Local7	Info	app/worker.1	[2020-03-19 19:50:52] development.DEBUG: roop  \n
1177248144921944071	2020-03-19 10:50:52	2020-03-19 10:50:52	5235246442	test-d58	3.87.23.59	Local7	Info	app/worker.1	[2020-03-19 19:50:52] development.DEBUG: SearchTweetRoopJob  \n
1177248144921944072	2020-03-19 10:50:52	2020-03-19 10:50:52	5235246442	test-d58	3.87.23.59	Local7	Info	app/worker.1	[2020-03-19 19:50:52] development.DEBUG: queu_id : 2  \n
1177248144921944073	2020-03-19 10:50:52	2020-03-19 10:50:52	5235246442	test-d58	3.87.23.59	Local7	Info	app/worker.1	[2020-03-19 19:50:52] development.DEBUG: https://api.twitter.com/1.1/search/tweets.json  \n
1177248144921944074	2020-03-19 10:50:52	2020-03-19 10:50:52	5235246442	test-d58	3.87.23.59	Local7	Info	app/worker.1	[2020-03-19 19:50:52] development.DEBUG: リクエスト前にAPI制限・状態判定を開始します。  \n
1177248144921944075	2020-03-19 10:50:52	2020-03-19 10:50:52	5235246442	test-d58	3.87.23.59	Local7	Info	app/worker.1	[2020-03-19 19:50:52] development.DEBUG: initDailyCounter  \n
1177248144921944076	2020-03-19 10:50:52	2020-03-19 10:50:52	5235246442	test-d58	3.87.23.59	Local7	Info	app/worker.1	[2020-03-19 19:50:52] development.DEBUG:   \n
1177248144921944077	2020-03-19 10:50:52	2020-03-19 10:50:52	5235246442	test-d58	3.87.23.59	Local7	Info	app/worker.1	[2020-03-19 19:50:52] development.DEBUG: 1  \n
1177248144921944078	2020-03-19 10:50:52	2020-03-19 10:50:52	5235246442	test-d58	3.87.23.59	Local7	Info	app/worker.1	[2020-03-19 19:50:52] development.DEBUG: 2020-03-19 00:00:00  \n
1177248144921944079	2020-03-19 10:50:52	2020-03-19 10:50:52	5235246442	test-d58	3.87.23.59	Local7	Info	app/worker.1	[2020-03-19 19:50:52] development.DEBUG: 2020/03/19  \n
1177248144921944080	2020-03-19 10:50:52	2020-03-19 10:50:52	5235246442	test-d58	3.87.23.59	Local7	Info	app/worker.1	[2020-03-19 19:50:52] development.DEBUG:   \n
1177248144921944081	2020-03-19 10:50:52	2020-03-19 10:50:52	5235246442	test-d58	3.87.23.59	Local7	Info	app/worker.1	[2020-03-19 19:50:52] development.DEBUG: haveRestricted  \n
1177248144921944082	2020-03-19 10:50:52	2020-03-19 10:50:52	5235246442	test-d58	3.87.23.59	Local7	Info	app/worker.1	[2020-03-19 19:50:52] development.DEBUG: checkApi_counter  \n
1177248144921944083	2020-03-19 10:50:52	2020-03-19 10:50:52	5235246442	test-d58	3.87.23.59	Local7	Info	app/worker.1	[2020-03-19 19:50:52] development.DEBUG: 日付判定確認 : 1  \n
1177248144921944084	2020-03-19 10:50:52	2020-03-19 10:50:52	5235246442	test-d58	3.87.23.59	Local7	Info	app/worker.1	[2020-03-19 19:50:52] development.DEBUG: accese: 制限判定を通過しました。  \n
1177248144921944085	2020-03-19 10:50:52	2020-03-19 10:50:52	5235246442	test-d58	3.87.23.59	Local7	Info	app/worker.1	[2020-03-19 19:50:52] development.DEBUG: 1053251462803779584-BRdGOerk5Wgi4IQKERhDUGcizpOQCr  \n
1177248144921944086	2020-03-19 10:50:52	2020-03-19 10:50:52	5235246442	test-d58	3.87.23.59	Local7	Info	app/worker.1	[2020-03-19 19:50:52] development.DEBUG: oh7aRuh9t7n8rb03GWJp5LvKbuFm6lWYQis6C4SdZwEGC  \n
1177248144921944087	2020-03-19 10:50:52	2020-03-19 10:50:52	5235246442	test-d58	3.87.23.59	Local7	Info	app/worker.1	[2020-03-19 19:50:52] development.DEBUG: {"q":"\u30a2\u30cb\u30e1 ","locale":"ja","lang":"ja","result_type":"recent","count":"10","max_id":"","include_entities":false}  \n
1177248146211807233	2020-03-19 10:50:52	2020-03-19 10:50:52	5235246442	test-d58	52.207.243.79	Local7	Info	app/worker.1	[2020-03-19 19:50:52] development.DEBUG: checkApi  \n
1177248146273996807	2020-03-19 10:50:52	2020-03-19 10:50:52	5235246442	test-d58	52.207.243.79	Local7	Info	app/worker.1	[2020-03-19 19:50:52] development.DEBUG: search_tweets  \n
1177248146273996808	2020-03-19 10:50:52	2020-03-19 10:50:52	5235246442	test-d58	52.207.243.79	Local7	Info	app/worker.1	[2020-03-19 19:50:52] development.DEBUG: 制限状態：1  \n
1177248146273996809	2020-03-19 10:50:52	2020-03-19 10:50:52	5235246442	test-d58	52.207.243.79	Local7	Info	app/worker.1	[2020-03-19 19:50:52] development.DEBUG: 使用状態：1  \n
1177248146273996810	2020-03-19 10:50:52	2020-03-19 10:50:52	5235246442	test-d58	52.207.243.79	Local7	Info	app/worker.1	[2020-03-19 19:50:52] development.DEBUG: ツイート数：10  \n
1177248146273996811	2020-03-19 10:50:52	2020-03-19 10:50:52	5235246442	test-d58	52.207.243.79	Local7	Info	app/worker.1	[2020-03-19 19:50:52] development.DEBUG: next id：?max_id=1240591553694842880&q=%E3%82%A2%E3%83%8B%E3%83%A1&lang=ja&count=10&result_type=recent  \n
1177248146273996812	2020-03-19 10:50:52	2020-03-19 10:50:52	5235246442	test-d58	52.207.243.79	Local7	Info	app/worker.1	[2020-03-19 19:50:52] development.DEBUG: next max_id : 1240591553694842880  \n
1177248146273996813	2020-03-19 10:50:52	2020-03-19 10:50:52	5235246442	test-d58	52.207.243.79	Local7	Info	app/worker.1	[2020-03-19 19:50:52] development.DEBUG: destruct  \n
1177248146273996814	2020-03-19 10:50:52	2020-03-19 10:50:52	5235246442	test-d58	52.207.243.79	Local7	Info	app/worker.1	[2020-03-19 19:50:52] development.DEBUG: 12  \n
1177248146273996816	2020-03-19 10:50:52	2020-03-19 10:50:52	5235246442	test-d58	52.207.243.79	Local7	Info	app/worker.1	[2020-03-19 19:50:52][2] Processed:  App\Jobs\favorite\SearchTweetRoopJob\n
1177249154897764353	2020-03-19 10:54:52	2020-03-19 10:54:53	5235246442	test-d58	54.226.120.199	Local7	Info	app/worker.1	[2020-03-19 19:54:52][12] Processing: App\Jobs\favorite\FavoriteCreateRoopJob\n
1177249154971824130	2020-03-19 10:54:52	2020-03-19 10:54:53	5235246442	test-d58	54.226.120.199	Local7	Info	app/worker.1	[2020-03-19 19:54:52] development.DEBUG: roop  \n
1177249154971824131	2020-03-19 10:54:52	2020-03-19 10:54:53	5235246442	test-d58	54.226.120.199	Local7	Info	app/worker.1	[2020-03-19 19:54:52] development.DEBUG: FavoriteCreateRoopJob  \n
1177249154971824132	2020-03-19 10:54:52	2020-03-19 10:54:53	5235246442	test-d58	54.226.120.199	Local7	Info	app/worker.1	[2020-03-19 19:54:52] development.DEBUG: queue_id : 12  \n
1177249154971824133	2020-03-19 10:54:52	2020-03-19 10:54:53	5235246442	test-d58	54.226.120.199	Local7	Info	app/worker.1	[2020-03-19 19:54:52] development.DEBUG: https://api.twitter.com/1.1/favorites/create.json  \n
1177249154971824134	2020-03-19 10:54:52	2020-03-19 10:54:53	5235246442	test-d58	54.226.120.199	Local7	Info	app/worker.1	[2020-03-19 19:54:52] development.DEBUG: リクエスト前にAPI制限・状態判定を開始します。  \n
1177249154971824135	2020-03-19 10:54:52	2020-03-19 10:54:53	5235246442	test-d58	54.226.120.199	Local7	Info	app/worker.1	[2020-03-19 19:54:52] development.DEBUG: initDailyCounter  \n
1177249154971824136	2020-03-19 10:54:52	2020-03-19 10:54:53	5235246442	test-d58	54.226.120.199	Local7	Info	app/worker.1	[2020-03-19 19:54:52] development.DEBUG: 1  \n
1177249154971824137	2020-03-19 10:54:52	2020-03-19 10:54:53	5235246442	test-d58	54.226.120.199	Local7	Info	app/worker.1	[2020-03-19 19:54:52] development.DEBUG: 1  \n
1177249154971824138	2020-03-19 10:54:52	2020-03-19 10:54:53	5235246442	test-d58	54.226.120.199	Local7	Info	app/worker.1	[2020-03-19 19:54:52] development.DEBUG: 2020-03-19 00:00:00  \n
1177249154971824139	2020-03-19 10:54:52	2020-03-19 10:54:53	5235246442	test-d58	54.226.120.199	Local7	Info	app/worker.1	[2020-03-19 19:54:52] development.DEBUG: 2020/03/19  \n
1177249154971824140	2020-03-19 10:54:52	2020-03-19 10:54:53	5235246442	test-d58	54.226.120.199	Local7	Info	app/worker.1	[2020-03-19 19:54:52] development.DEBUG:   \n
1177249154971824141	2020-03-19 10:54:52	2020-03-19 10:54:53	5235246442	test-d58	54.226.120.199	Local7	Info	app/worker.1	[2020-03-19 19:54:52] development.DEBUG: haveRestricted  \n
1177249154971824142	2020-03-19 10:54:52	2020-03-19 10:54:53	5235246442	test-d58	54.226.120.199	Local7	Info	app/worker.1	[2020-03-19 19:54:52] development.DEBUG: checkApi_counter  \n
1177249154971824143	2020-03-19 10:54:52	2020-03-19 10:54:53	5235246442	test-d58	54.226.120.199	Local7	Info	app/worker.1	[2020-03-19 19:54:52] development.DEBUG: 日付判定確認 : 1  \n
1177249154971824144	2020-03-19 10:54:52	2020-03-19 10:54:53	5235246442	test-d58	54.226.120.199	Local7	Info	app/worker.1	[2020-03-19 19:54:52] development.DEBUG: 2020-03-19 00:00:00  \n
1177249154971824145	2020-03-19 10:54:52	2020-03-19 10:54:53	5235246442	test-d58	54.226.120.199	Local7	Info	app/worker.1	[2020-03-19 19:54:52] development.DEBUG: 2020-03-19 19:54:52  \n
1177249154971824146	2020-03-19 10:54:52	2020-03-19 10:54:53	5235246442	test-d58	54.226.120.199	Local7	Info	app/worker.1	[2020-03-19 19:54:52] development.DEBUG: accese: 制限判定を通過しました。  \n
1177249154971824147	2020-03-19 10:54:52	2020-03-19 10:54:53	5235246442	test-d58	54.226.120.199	Local7	Info	app/worker.1	[2020-03-19 19:54:52] development.DEBUG: 1053251462803779584-BRdGOerk5Wgi4IQKERhDUGcizpOQCr  \n
1177249154971824148	2020-03-19 10:54:52	2020-03-19 10:54:53	5235246442	test-d58	54.226.120.199	Local7	Info	app/worker.1	[2020-03-19 19:54:52] development.DEBUG: oh7aRuh9t7n8rb03GWJp5LvKbuFm6lWYQis6C4SdZwEGC  \n
1177249154971824149	2020-03-19 10:54:52	2020-03-19 10:54:53	5235246442	test-d58	54.226.120.199	Local7	Info	app/worker.1	[2020-03-19 19:54:52] development.DEBUG: {"id":1240591557582974978}  \n
1177249155927293952	2020-03-19 10:54:53	2020-03-19 10:54:53	5235246442	test-d58	54.91.99.118	Local7	Info	app/worker.1	[2020-03-19 19:54:53] development.DEBUG: checkApi  \n
1177249155975700480	2020-03-19 10:54:53	2020-03-19 10:54:53	5235246442	test-d58	54.91.99.118	Local7	Info	app/worker.1	[2020-03-19 19:54:53] development.DEBUG: favorites_create  \n
1177249155975700481	2020-03-19 10:54:53	2020-03-19 10:54:53	5235246442	test-d58	54.91.99.118	Local7	Info	app/worker.1	[2020-03-19 19:54:53] development.DEBUG: 制限状態：1  \n
1177249155975700482	2020-03-19 10:54:53	2020-03-19 10:54:53	5235246442	test-d58	54.91.99.118	Local7	Info	app/worker.1	[2020-03-19 19:54:53] development.DEBUG: 使用状態：1  \n
1177249155975700483	2020-03-19 10:54:53	2020-03-19 10:54:53	5235246442	test-d58	54.91.99.118	Local7	Info	app/worker.1	[2020-03-19 19:54:53] development.DEBUG: next いいね：  \n
1177249155975700484	2020-03-19 10:54:53	2020-03-19 10:54:53	5235246442	test-d58	54.91.99.118	Local7	Info	app/worker.1	[2020-03-19 19:54:53] development.DEBUG: destruct  \n
1177249155975700485	2020-03-19 10:54:53	2020-03-19 10:54:53	5235246442	test-d58	54.91.99.118	Local7	Info	app/worker.1	[2020-03-19 19:54:53] development.DEBUG: 22  \n
1177249155975700486	2020-03-19 10:54:53	2020-03-19 10:54:53	5235246442	test-d58	54.91.99.118	Local7	Info	app/worker.1	[2020-03-19 19:54:53] development.DEBUG: いいねJob発行:ループ開始  \n
1177249155975700487	2020-03-19 10:54:53	2020-03-19 10:54:53	5235246442	test-d58	54.91.99.118	Local7	Info	app/worker.1	[2020-03-19 19:54:53][12] Processed:  App\Jobs\favorite\FavoriteCreateRoopJob\n
1177249650305712129	2020-03-19 10:56:51	2020-03-19 10:56:51	5235246442	test-d58	3.90.112.154	Local7	Info	app/web.1	10.31.87.29 - - [19/Mar/2020:19:56:51 +0900] "HEAD / HTTP/1.1" 200 - "http://test-d58.herokuapp.com/" "Mozilla/5.0+(compatible; UptimeRobot/2.0; http://www.uptimerobot.com/)\n
1177249650364665860	2020-03-19 10:56:51	2020-03-19 10:56:51	5235246442	test-d58	3.95.172.33	Local3	Info	heroku/router	at=info method=HEAD path="/" host=test-d58.herokuapp.com request_id=0980dc43-1fea-4466-83b3-9eee008565c8 fwd="216.245.221.84" dyno=web.1 connect=0ms service=14ms status=200 bytes=844 protocol=http\n
1177250164233367554	2020-03-19 10:58:53	2020-03-19 10:58:53	5235246442	test-d58	3.86.191.35	Local7	Info	app/worker.1	[2020-03-19 19:58:53][22] Processing: App\Jobs\favorite\FavoriteCreateRoopJob\n
1177250164282466308	2020-03-19 10:58:53	2020-03-19 10:58:53	5235246442	test-d58	3.86.191.35	Local7	Info	app/worker.1	[2020-03-19 19:58:53] development.DEBUG: roop  \n
1177250164282466309	2020-03-19 10:58:53	2020-03-19 10:58:53	5235246442	test-d58	3.86.191.35	Local7	Info	app/worker.1	[2020-03-19 19:58:53] development.DEBUG: FavoriteCreateRoopJob  \n
1177250164282466310	2020-03-19 10:58:53	2020-03-19 10:58:53	5235246442	test-d58	3.86.191.35	Local7	Info	app/worker.1	[2020-03-19 19:58:53] development.DEBUG: queue_id : 22  \n
1177250164282466311	2020-03-19 10:58:53	2020-03-19 10:58:53	5235246442	test-d58	3.86.191.35	Local7	Info	app/worker.1	[2020-03-19 19:58:53] development.DEBUG: https://api.twitter.com/1.1/favorites/create.json  \n
1177250164282466312	2020-03-19 10:58:53	2020-03-19 10:58:53	5235246442	test-d58	3.86.191.35	Local7	Info	app/worker.1	[2020-03-19 19:58:53] development.DEBUG: リクエスト前にAPI制限・状態判定を開始します。  \n
1177250164282466313	2020-03-19 10:58:53	2020-03-19 10:58:53	5235246442	test-d58	3.86.191.35	Local7	Info	app/worker.1	[2020-03-19 19:58:53] development.DEBUG: initDailyCounter  \n
1177250164282466314	2020-03-19 10:58:53	2020-03-19 10:58:53	5235246442	test-d58	3.86.191.35	Local7	Info	app/worker.1	[2020-03-19 19:58:53] development.DEBUG: 1  \n
1177250164282466315	2020-03-19 10:58:53	2020-03-19 10:58:53	5235246442	test-d58	3.86.191.35	Local7	Info	app/worker.1	[2020-03-19 19:58:53] development.DEBUG: 1  \n
1177250164282466316	2020-03-19 10:58:53	2020-03-19 10:58:53	5235246442	test-d58	3.86.191.35	Local7	Info	app/worker.1	[2020-03-19 19:58:53] development.DEBUG: 2020-03-19 00:00:00  \n
1177250164282466317	2020-03-19 10:58:53	2020-03-19 10:58:53	5235246442	test-d58	3.86.191.35	Local7	Info	app/worker.1	[2020-03-19 19:58:53] development.DEBUG: 2020/03/19  \n
1177250164282466318	2020-03-19 10:58:53	2020-03-19 10:58:53	5235246442	test-d58	3.86.191.35	Local7	Info	app/worker.1	[2020-03-19 19:58:53] development.DEBUG:   \n
1177250164282466319	2020-03-19 10:58:53	2020-03-19 10:58:53	5235246442	test-d58	3.86.191.35	Local7	Info	app/worker.1	[2020-03-19 19:58:53] development.DEBUG: haveRestricted  \n
1177250164282466320	2020-03-19 10:58:53	2020-03-19 10:58:53	5235246442	test-d58	3.86.191.35	Local7	Info	app/worker.1	[2020-03-19 19:58:53] development.DEBUG: checkApi_counter  \n
1177250164282466321	2020-03-19 10:58:53	2020-03-19 10:58:53	5235246442	test-d58	3.86.191.35	Local7	Info	app/worker.1	[2020-03-19 19:58:53] development.DEBUG: 日付判定確認 : 1  \n
1177250164282466322	2020-03-19 10:58:53	2020-03-19 10:58:53	5235246442	test-d58	3.86.191.35	Local7	Info	app/worker.1	[2020-03-19 19:58:53] development.DEBUG: 2020-03-19 00:00:00  \n
1177250164282466323	2020-03-19 10:58:53	2020-03-19 10:58:53	5235246442	test-d58	3.86.191.35	Local7	Info	app/worker.1	[2020-03-19 19:58:53] development.DEBUG: 2020-03-19 19:58:53  \n
1177250164282466324	2020-03-19 10:58:53	2020-03-19 10:58:53	5235246442	test-d58	3.86.191.35	Local7	Info	app/worker.1	[2020-03-19 19:58:53] development.DEBUG: accese: 制限判定を通過しました。  \n
1177250164282466325	2020-03-19 10:58:53	2020-03-19 10:58:53	5235246442	test-d58	3.86.191.35	Local7	Info	app/worker.1	[2020-03-19 19:58:53] development.DEBUG: 1053251462803779584-BRdGOerk5Wgi4IQKERhDUGcizpOQCr  \n
1177250164282466326	2020-03-19 10:58:53	2020-03-19 10:58:53	5235246442	test-d58	3.86.191.35	Local7	Info	app/worker.1	[2020-03-19 19:58:53] development.DEBUG: oh7aRuh9t7n8rb03GWJp5LvKbuFm6lWYQis6C4SdZwEGC  \n
1177250164282466327	2020-03-19 10:58:53	2020-03-19 10:58:53	5235246442	test-d58	3.86.191.35	Local7	Info	app/worker.1	[2020-03-19 19:58:53] development.DEBUG: {"id":1240591557390000133}  \n
1177250164282466328	2020-03-19 10:58:53	2020-03-19 10:58:53	5235246442	test-d58	3.86.191.35	Local7	Info	app/worker.1	[2020-03-19 19:58:53] development.DEBUG: checkApi  \n
1177250165291032585	2020-03-19 10:58:53	2020-03-19 10:58:54	5235246442	test-d58	3.83.217.214	Local7	Info	app/worker.1	[2020-03-19 19:58:53] development.DEBUG: favorites_create  \n
1177250165366476817	2020-03-19 10:58:53	2020-03-19 10:58:54	5235246442	test-d58	3.83.217.214	Local7	Info	app/worker.1	[2020-03-19 19:58:53] development.DEBUG: 制限状態：1  \n
1177250165366476822	2020-03-19 10:58:53	2020-03-19 10:58:54	5235246442	test-d58	3.83.217.214	Local7	Info	app/worker.1	[2020-03-19 19:58:53] development.DEBUG: 使用状態：1  \n
1177250165366476826	2020-03-19 10:58:53	2020-03-19 10:58:54	5235246442	test-d58	3.83.217.214	Local7	Info	app/worker.1	[2020-03-19 19:58:53] development.DEBUG: next いいね：  \n
1177250165366476829	2020-03-19 10:58:53	2020-03-19 10:58:54	5235246442	test-d58	3.83.217.214	Local7	Info	app/worker.1	[2020-03-19 19:58:53] development.DEBUG: destruct  \n
1177250165366476831	2020-03-19 10:58:53	2020-03-19 10:58:54	5235246442	test-d58	3.83.217.214	Local7	Info	app/worker.1	[2020-03-19 19:58:53] development.DEBUG: 32  \n
1177250165366476834	2020-03-19 10:58:53	2020-03-19 10:58:54	5235246442	test-d58	3.83.217.214	Local7	Info	app/worker.1	[2020-03-19 19:58:53] development.DEBUG: いいねJob発行:ループ開始  \n
1177250165366476837	2020-03-19 10:58:53	2020-03-19 10:58:54	5235246442	test-d58	3.83.217.214	Local7	Info	app/worker.1	[2020-03-19 19:58:53][22] Processed:  App\Jobs\favorite\FavoriteCreateRoopJob\n
