1177313254628581377	2020-03-19 15:09:35	2020-03-19 15:09:35	5235246442	test-d58	3.88.67.185	Local7	Info	app/web.1	10.16.251.130 - - [20/Mar/2020:00:09:35 +0900] "HEAD / HTTP/1.1" 200 - "http://test-d58.herokuapp.com/" "Mozilla/5.0+(compatible; UptimeRobot/2.0; http://www.uptimerobot.com/)\n
1177313254652121093	2020-03-19 15:09:35	2020-03-19 15:09:35	5235246442	test-d58	18.206.239.54	Local3	Info	heroku/router	at=info method=HEAD path="/" host=test-d58.herokuapp.com request_id=ac72e4af-a1f5-4f67-b81a-761214f8c8bb fwd="216.245.221.84" dyno=web.1 connect=1ms service=37ms status=200 bytes=844 protocol=http\n
1177317028273201158	2020-03-19 15:24:35	2020-03-19 15:24:35	5235246442	test-d58	3.95.168.213	Local7	Info	app/web.1	10.43.250.98 - - [20/Mar/2020:00:24:35 +0900] "HEAD / HTTP/1.1" 200 - "http://test-d58.herokuapp.com/" "Mozilla/5.0+(compatible; UptimeRobot/2.0; http://www.uptimerobot.com/)\n
1177317028295303171	2020-03-19 15:24:35	2020-03-19 15:24:35	5235246442	test-d58	3.81.147.54	Local3	Info	heroku/router	at=info method=HEAD path="/" host=test-d58.herokuapp.com request_id=c68c8d73-5078-4654-b2f2-85c59e7e2a1b fwd="216.245.221.84" dyno=web.1 connect=0ms service=14ms status=200 bytes=842 protocol=http\n
1177320803556265986	2020-03-19 15:39:35	2020-03-19 15:39:35	5235246442	test-d58	18.206.239.54	Local7	Info	app/web.1	10.93.170.169 - - [20/Mar/2020:00:39:35 +0900] "HEAD / HTTP/1.1" 200 - "http://test-d58.herokuapp.com/" "Mozilla/5.0+(compatible; UptimeRobot/2.0; http://www.uptimerobot.com/)\n
1177320803634749443	2020-03-19 15:39:35	2020-03-19 15:39:35	5235246442	test-d58	3.94.82.117	Local3	Info	heroku/router	at=info method=HEAD path="/" host=test-d58.herokuapp.com request_id=16b03e6b-55c6-4255-8712-44fcb1837653 fwd="216.245.221.84" dyno=web.1 connect=1ms service=37ms status=200 bytes=844 protocol=http\n
1177321585513668609	2020-03-19 15:42:41	2020-03-19 15:42:42	5235246442	test-d58	18.212.214.37	Syslog	Notice	app/api	Build started by user 123windam@gmail.com
1177321637101396001	2020-03-19 15:42:53	2020-03-19 15:42:54	5235246442	test-d58	34.229.117.205	Syslog	Notice	app/api	Release v183 created by user 123windam@gmail.com
1177321637284507655	2020-03-19 15:42:53	2020-03-19 15:42:54	5235246442	test-d58	3.83.16.24	Syslog	Notice	app/api	Deploy 7978351b by user 123windam@gmail.com
1177321638386143245	2020-03-19 15:42:54	2020-03-19 15:42:54	5235246442	test-d58	52.207.243.79	Local0	Info	heroku/web.1	State changed from up to starting\n
1177321638400192514	2020-03-19 15:42:54	2020-03-19 15:42:54	5235246442	test-d58	52.91.29.211	Local0	Info	heroku/web.1	Restarting\n
1177321640423563302	2020-03-19 15:42:54	2020-03-19 15:42:55	5235246442	test-d58	54.162.245.47	Syslog	Notice	app/api	Build succeeded
1177321644867809283	2020-03-19 15:42:56	2020-03-19 15:42:56	5235246442	test-d58	184.73.133.47	Local7	Info	app/web.1	SIGTERM received, attempting graceful shutdown...\n
1177321644937842713	2020-03-19 15:42:56	2020-03-19 15:42:56	5235246442	test-d58	184.73.133.47	Local7	Info	app/web.1	Stopping php-fpm...\n
1177321644937842714	2020-03-19 15:42:56	2020-03-19 15:42:56	5235246442	test-d58	184.73.133.47	Local7	Info	app/web.1	Stopping httpd gracefully...\n
1177321644937842715	2020-03-19 15:42:56	2020-03-19 15:42:56	5235246442	test-d58	184.73.133.47	Local7	Info	app/web.1	Stopping httpd...\n
1177321644937842716	2020-03-19 15:42:56	2020-03-19 15:42:56	5235246442	test-d58	184.73.133.47	Local7	Info	app/web.1	Shutdown complete.\n
1177321645143166976	2020-03-19 15:42:56	2020-03-19 15:42:56	5235246442	test-d58	34.229.38.92	Syslog	Notice	heroku/web.1	Stopping all processes with SIGTERM\n
1177321645193719810	2020-03-19 15:42:56	2020-03-19 15:42:56	5235246442	test-d58	34.229.38.92	Syslog	Notice	heroku/web.1	Process exited with status 143\n
1177321649184055298	2020-03-19 15:42:57	2020-03-19 15:42:57	5235246442	test-d58	54.224.250.86	Syslog	Notice	heroku/web.1	Starting process with command `vendor/bin/heroku-php-apache2 public/`\n
1177321662885941248	2020-03-19 15:43:00	2020-03-19 15:43:00	5235246442	test-d58	3.84.137.59	Local7	Info	app/web.1	DOCUMENT_ROOT changed to 'public/'\n
1177321662938587141	2020-03-19 15:43:00	2020-03-19 15:43:00	5235246442	test-d58	3.84.137.59	Local7	Info	app/web.1	Detected 536870912 Bytes of RAM\n
1177321662938587142	2020-03-19 15:43:00	2020-03-19 15:43:00	5235246442	test-d58	3.84.137.59	Local7	Info	app/web.1	PHP memory_limit is 128M Bytes\n
1177321662938587143	2020-03-19 15:43:00	2020-03-19 15:43:00	5235246442	test-d58	3.84.137.59	Local7	Info	app/web.1	Starting php-fpm with 4 workers...\n
1177321664013537280	2020-03-19 15:43:00	2020-03-19 15:43:00	5235246442	test-d58	54.81.165.2	Local7	Info	app/web.1	Starting httpd...\n
1177321665960366080	2020-03-19 15:43:01	2020-03-19 15:43:01	5235246442	test-d58	3.85.146.237	Local0	Info	heroku/web.1	State changed from starting to up\n
1177321730950512642	2020-03-19 15:43:16	2020-03-19 15:43:16	5235246442	test-d58	54.242.94.47	Syslog	Notice	app/api	Scaled to web@1:Free worker@1:Free by user 123windam@gmail.com
1177321742255353858	2020-03-19 15:43:19	2020-03-19 15:43:19	5235246442	test-d58	52.91.242.46	Syslog	Notice	heroku/worker.1	Starting process with command `php artisan queue:restart && php artisan queue:work --queue=default,follow,tweet --tries=1 --sleep=10 --timeout=960 | php artisan queue:work --queue=favorite,unfollow --tries=1 --sleep=10 --timeout=960`\n
1177321744012222465	2020-03-19 15:43:19	2020-03-19 15:43:19	5235246442	test-d58	52.90.209.255	Local0	Info	heroku/worker.1	State changed from starting to up\n
1177321746533851143	2020-03-19 15:43:20	2020-03-19 15:43:20	5235246442	test-d58	54.167.15.154	Local3	Info	heroku/router	at=info method=GET path="/" host=test-d58.herokuapp.com request_id=eb4b6d8b-9eb1-41d4-a89f-2d7da4f2f4dc fwd="111.239.165.244" dyno=web.1 connect=0ms service=246ms status=200 bytes=17183 protocol=https\n
1177321747326267392	2020-03-19 15:43:20	2020-03-19 15:43:20	5235246442	test-d58	52.205.221.48	Local7	Info	app/web.1	10.102.182.112 - - [20/Mar/2020:00:43:20 +0900] "GET / HTTP/1.1" 200 16289 "-" "Mozilla/5.0 (Macintosh; Intel Mac OS X 10_14_6) AppleWebKit/537.36 (KHTML, like Gecko) Chrome/80.0.3987.132 Safari/537.36\n
1177321747912224770	2020-03-19 15:43:20	2020-03-19 15:43:20	5235246442	test-d58	3.81.208.154	Local3	Info	heroku/router	at=info method=GET path="/css/reboot.css" host=test-d58.herokuapp.com request_id=9b3599af-4e15-4303-8049-93548d422562 fwd="111.239.165.244" dyno=web.1 connect=0ms service=1ms status=200 bytes=5542 protocol=https\n
1177321747929649172	2020-03-19 15:43:20	2020-03-19 15:43:20	5235246442	test-d58	18.234.68.163	Local3	Info	heroku/router	at=info method=GET path="/css/main.css" host=test-d58.herokuapp.com request_id=04abf80d-9a01-4256-a445-03f100a84ff3 fwd="111.239.165.244" dyno=web.1 connect=2ms service=2ms status=200 bytes=297 protocol=https\n
1177321748593303582	2020-03-19 15:43:20	2020-03-19 15:43:20	5235246442	test-d58	3.90.50.235	Local7	Info	app/web.1	10.43.184.146 - - [20/Mar/2020:00:43:20 +0900] "GET /css/main.css HTTP/1.1" 200 68 "https://test-d58.herokuapp.com/" "Mozilla/5.0 (Macintosh; Intel Mac OS X 10_14_6) AppleWebKit/537.36 (KHTML, like Gecko) Chrome/80.0.3987.132 Safari/537.36\n
1177321748643635206	2020-03-19 15:43:20	2020-03-19 15:43:20	5235246442	test-d58	3.90.50.235	Local7	Info	app/web.1	10.30.127.22 - - [20/Mar/2020:00:43:20 +0900] "GET /css/reboot.css HTTP/1.1" 200 5309 "https://test-d58.herokuapp.com/" "Mozilla/5.0 (Macintosh; Intel Mac OS X 10_14_6) AppleWebKit/537.36 (KHTML, like Gecko) Chrome/80.0.3987.132 Safari/537.36\n
1177321748643635207	2020-03-19 15:43:20	2020-03-19 15:43:20	5235246442	test-d58	3.90.50.235	Local7	Info	app/web.1	10.102.182.112 - - [20/Mar/2020:00:43:20 +0900] "GET /js/jquery-3.4.1.min.js HTTP/1.1" 200 88144 "https://test-d58.herokuapp.com/" "Mozilla/5.0 (Macintosh; Intel Mac OS X 10_14_6) AppleWebKit/537.36 (KHTML, like Gecko) Chrome/80.0.3987.132 Safari/537.36\n
1177321748643635208	2020-03-19 15:43:20	2020-03-19 15:43:20	5235246442	test-d58	3.90.50.235	Local7	Info	app/web.1	10.43.184.146 - - [20/Mar/2020:00:43:20 +0900] "GET /images/icons/main-logo.png HTTP/1.1" 200 16595 "https://test-d58.herokuapp.com/" "Mozilla/5.0 (Macintosh; Intel Mac OS X 10_14_6) AppleWebKit/537.36 (KHTML, like Gecko) Chrome/80.0.3987.132 Safari/537.36\n
1177321748643635210	2020-03-19 15:43:20	2020-03-19 15:43:20	5235246442	test-d58	3.90.50.235	Local7	Info	app/web.1	10.30.127.22 - - [20/Mar/2020:00:43:20 +0900] "GET /images/top/bussiness_man.jpg HTTP/1.1" 200 182324 "https://test-d58.herokuapp.com/" "Mozilla/5.0 (Macintosh; Intel Mac OS X 10_14_6) AppleWebKit/537.36 (KHTML, like Gecko) Chrome/80.0.3987.132 Safari/537.36\n
1177321748906250244	2020-03-19 15:43:20	2020-03-19 15:43:21	5235246442	test-d58	35.175.147.89	Local3	Info	heroku/router	at=info method=GET path="/images/top/bussiness_man.jpg" host=test-d58.herokuapp.com request_id=9dfb196e-c19a-486f-a95d-b903bd70c001 fwd="111.239.165.244" dyno=web.1 connect=2ms service=10ms status=200 bytes=182562 protocol=https\n
1177321749167874048	2020-03-19 15:43:20	2020-03-19 15:43:21	5235246442	test-d58	18.234.226.54	Local3	Info	heroku/router	at=info method=GET path="/js/jquery-3.4.1.min.js" host=test-d58.herokuapp.com request_id=4b3bff58-68d1-4d11-9279-b2fde5123a88 fwd="111.239.165.244" dyno=web.1 connect=0ms service=4ms status=200 bytes=88393 protocol=https\n
1177321749736747008	2020-03-19 15:43:20	2020-03-19 15:43:21	5235246442	test-d58	54.174.125.232	Local3	Info	heroku/router	at=info method=GET path="/images/icons/main-logo.png" host=test-d58.herokuapp.com request_id=41bbc80b-68b1-4783-808c-d7690bafd13f fwd="111.239.165.244" dyno=web.1 connect=1ms service=3ms status=200 bytes=16830 protocol=https\n
1177321750061260818	2020-03-19 15:43:21	2020-03-19 15:43:21	5235246442	test-d58	54.162.62.130	Local3	Info	heroku/router	at=info method=GET path="/css/other.css" host=test-d58.herokuapp.com request_id=42320c61-4666-44ed-9536-f7d92d49f1ef fwd="111.239.165.244" dyno=web.1 connect=1ms service=5ms status=200 bytes=442 protocol=https\n
1177321750251413507	2020-03-19 15:43:21	2020-03-19 15:43:21	5235246442	test-d58	3.85.174.166	Local3	Info	heroku/router	at=info method=GET path="/css/app.css" host=test-d58.herokuapp.com request_id=15cf58d5-e93c-4f28-9d5e-0f1e3c6bfaae fwd="111.239.165.244" dyno=web.1 connect=1ms service=8ms status=200 bytes=128483 protocol=https\n
1177321750399860739	2020-03-19 15:43:21	2020-03-19 15:43:21	5235246442	test-d58	54.147.140.114	Local3	Info	heroku/router	at=info method=GET path="/css/utility.css" host=test-d58.herokuapp.com request_id=b1c3783c-5659-44c8-b51f-9252e0a1ea7f fwd="111.239.165.244" dyno=web.1 connect=1ms service=4ms status=200 bytes=80171 protocol=https\n
1177321750427574273	2020-03-19 15:43:21	2020-03-19 15:43:21	5235246442	test-d58	54.211.41.103	Local7	Info	app/web.1	10.37.246.199 - - [20/Mar/2020:00:43:21 +0900] "GET /css/utility.css HTTP/1.1" 200 79936 "https://test-d58.herokuapp.com/" "Mozilla/5.0 (Macintosh; Intel Mac OS X 10_14_6) AppleWebKit/537.36 (KHTML, like Gecko) Chrome/80.0.3987.132 Safari/537.36\n
1177321750474919936	2020-03-19 15:43:21	2020-03-19 15:43:21	5235246442	test-d58	54.211.41.103	Local7	Info	app/web.1	10.150.193.19 - - [20/Mar/2020:00:43:21 +0900] "GET /css/app.css HTTP/1.1" 200 128247 "https://test-d58.herokuapp.com/" "Mozilla/5.0 (Macintosh; Intel Mac OS X 10_14_6) AppleWebKit/537.36 (KHTML, like Gecko) Chrome/80.0.3987.132 Safari/537.36\n
1177321750474919937	2020-03-19 15:43:21	2020-03-19 15:43:21	5235246442	test-d58	54.211.41.103	Local7	Info	app/web.1	10.5.179.3 - - [20/Mar/2020:00:43:21 +0900] "GET /css/other.css HTTP/1.1" 200 212 "https://test-d58.herokuapp.com/" "Mozilla/5.0 (Macintosh; Intel Mac OS X 10_14_6) AppleWebKit/537.36 (KHTML, like Gecko) Chrome/80.0.3987.132 Safari/537.36\n
1177321751137644547	2020-03-19 15:43:21	2020-03-19 15:43:21	5235246442	test-d58	54.161.117.77	Local3	Info	heroku/router	at=info method=GET path="/images/top/thinking.jpg" host=test-d58.herokuapp.com request_id=759d127e-078c-4b1d-9d37-5dfa40369a88 fwd="111.239.165.244" dyno=web.1 connect=1ms service=7ms status=200 bytes=97371 protocol=https\n
1177321751789006851	2020-03-19 15:43:21	2020-03-19 15:43:21	5235246442	test-d58	3.85.12.177	Local7	Info	app/web.1	10.5.179.3 - - [20/Mar/2020:00:43:21 +0900] "GET /images/top/thinking.jpg HTTP/1.1" 200 97134 "https://test-d58.herokuapp.com/" "Mozilla/5.0 (Macintosh; Intel Mac OS X 10_14_6) AppleWebKit/537.36 (KHTML, like Gecko) Chrome/80.0.3987.132 Safari/537.36\n
1177321754175873024	2020-03-19 15:43:22	2020-03-19 15:43:22	5235246442	test-d58	52.87.238.0	Local3	Info	heroku/router	at=info method=GET path="/images/top/splash.jpeg" host=test-d58.herokuapp.com request_id=bf609f4d-bf27-42ef-8c1b-cb3d13fdd546 fwd="111.239.165.244" dyno=web.1 connect=1ms service=9ms status=200 bytes=74778 protocol=https\n
1177321754636341252	2020-03-19 15:43:22	2020-03-19 15:43:22	5235246442	test-d58	54.152.34.185	Local3	Info	heroku/router	at=info method=GET path="/images/top/hero.jpg" host=test-d58.herokuapp.com request_id=f8ae9e55-b927-4e9b-b74f-fc1ed52dd697 fwd="111.239.165.244" dyno=web.1 connect=0ms service=7ms status=200 bytes=90880 protocol=https\n
1177321754867081217	2020-03-19 15:43:22	2020-03-19 15:43:22	5235246442	test-d58	54.161.116.67	Local7	Info	app/web.1	10.150.193.19 - - [20/Mar/2020:00:43:22 +0900] "GET /images/top/splash.jpeg HTTP/1.1" 200 74541 "https://test-d58.herokuapp.com/css/app.css" "Mozilla/5.0 (Macintosh; Intel Mac OS X 10_14_6) AppleWebKit/537.36 (KHTML, like Gecko) Chrome/80.0.3987.132 Safari/537.36\n
1177321754902618113	2020-03-19 15:43:22	2020-03-19 15:43:22	5235246442	test-d58	54.161.116.67	Local7	Info	app/web.1	10.30.127.22 - - [20/Mar/2020:00:43:22 +0900] "GET /images/top/hero.jpg HTTP/1.1" 200 90643 "https://test-d58.herokuapp.com/css/app.css" "Mozilla/5.0 (Macintosh; Intel Mac OS X 10_14_6) AppleWebKit/537.36 (KHTML, like Gecko) Chrome/80.0.3987.132 Safari/537.36\n
1177321754902618114	2020-03-19 15:43:22	2020-03-19 15:43:22	5235246442	test-d58	54.161.116.67	Local7	Info	app/web.1	10.37.246.199 - - [20/Mar/2020:00:43:22 +0900] "GET /images/top/sky.jpg HTTP/1.1" 200 127298 "https://test-d58.herokuapp.com/css/app.css" "Mozilla/5.0 (Macintosh; Intel Mac OS X 10_14_6) AppleWebKit/537.36 (KHTML, like Gecko) Chrome/80.0.3987.132 Safari/537.36\n
1177321755155566595	2020-03-19 15:43:22	2020-03-19 15:43:22	5235246442	test-d58	100.26.107.157	Local3	Info	heroku/router	at=info method=GET path="/images/top/sky.jpg" host=test-d58.herokuapp.com request_id=96b66952-147d-4afb-a5e0-647721928ba5 fwd="111.239.165.244" dyno=web.1 connect=1ms service=11ms status=200 bytes=127536 protocol=https\n
1177321756258865158	2020-03-19 15:43:22	2020-03-19 15:43:22	5235246442	test-d58	3.82.250.99	Local3	Info	heroku/router	at=info method=GET path="/favicon.ico" host=test-d58.herokuapp.com request_id=0b402255-6682-4c92-935d-d82fc720dfd0 fwd="111.239.165.244" dyno=web.1 connect=0ms service=1ms status=200 bytes=231 protocol=https\n
1177321756944162822	2020-03-19 15:43:22	2020-03-19 15:43:22	5235246442	test-d58	18.206.186.83	Local7	Info	app/web.1	10.30.127.22 - - [20/Mar/2020:00:43:22 +0900] "GET /favicon.ico HTTP/1.1" 200 - "https://test-d58.herokuapp.com/" "Mozilla/5.0 (Macintosh; Intel Mac OS X 10_14_6) AppleWebKit/537.36 (KHTML, like Gecko) Chrome/80.0.3987.132 Safari/537.36\n
1177321758687445008	2020-03-19 15:43:22	2020-03-19 15:43:23	5235246442	test-d58	3.84.100.33	Local7	Info	app/worker.1	Broadcasting queue restart signal.\n
1177321762438651905	2020-03-19 15:43:23	2020-03-19 15:43:24	5235246442	test-d58	100.26.191.48	Local7	Info	app/worker.1	[2020-03-20 00:43:23][142] Processing: App\Jobs\favorite\FavoriteCreateRoopJob\n
1177321762496233473	2020-03-19 15:43:24	2020-03-19 15:43:24	5235246442	test-d58	100.26.191.48	Local7	Info	app/worker.1	[2020-03-20 00:43:24] development.DEBUG: roop  \n
1177321762496233474	2020-03-19 15:43:24	2020-03-19 15:43:24	5235246442	test-d58	100.26.191.48	Local7	Info	app/worker.1	[2020-03-20 00:43:24] development.DEBUG: FavoriteCreateRoopJob  \n
1177321762496233475	2020-03-19 15:43:24	2020-03-19 15:43:24	5235246442	test-d58	100.26.191.48	Local7	Info	app/worker.1	[2020-03-20 00:43:24] development.DEBUG: queue_id : 142  \n
1177321762496233476	2020-03-19 15:43:24	2020-03-19 15:43:24	5235246442	test-d58	100.26.191.48	Local7	Info	app/worker.1	[2020-03-20 00:43:24] development.DEBUG: https://api.twitter.com/1.1/favorites/create.json  \n
1177321762496233477	2020-03-19 15:43:24	2020-03-19 15:43:24	5235246442	test-d58	100.26.191.48	Local7	Info	app/worker.1	[2020-03-20 00:43:24] development.DEBUG: リクエスト前にAPI制限・状態判定を開始します。  \n
1177321762496233478	2020-03-19 15:43:24	2020-03-19 15:43:24	5235246442	test-d58	100.26.191.48	Local7	Info	app/worker.1	[2020-03-20 00:43:24] development.DEBUG: initDailyCounter  \n
1177321762496233479	2020-03-19 15:43:24	2020-03-19 15:43:24	5235246442	test-d58	100.26.191.48	Local7	Info	app/worker.1	[2020-03-20 00:43:24] development.DEBUG: 1  \n
1177321762496233480	2020-03-19 15:43:24	2020-03-19 15:43:24	5235246442	test-d58	100.26.191.48	Local7	Info	app/worker.1	[2020-03-20 00:43:24] development.DEBUG: 1  \n
1177321762496233481	2020-03-19 15:43:24	2020-03-19 15:43:24	5235246442	test-d58	100.26.191.48	Local7	Info	app/worker.1	[2020-03-20 00:43:24] development.DEBUG: 2020-03-20 00:00:00  \n
1177321762496233482	2020-03-19 15:43:24	2020-03-19 15:43:24	5235246442	test-d58	100.26.191.48	Local7	Info	app/worker.1	[2020-03-20 00:43:24] development.DEBUG: 2020/03/19  \n
1177321762496233483	2020-03-19 15:43:24	2020-03-19 15:43:24	5235246442	test-d58	100.26.191.48	Local7	Info	app/worker.1	[2020-03-20 00:43:24] development.DEBUG: 1  \n
1177321762496233484	2020-03-19 15:43:24	2020-03-19 15:43:24	5235246442	test-d58	100.26.191.48	Local7	Info	app/worker.1	[2020-03-20 00:43:24] development.DEBUG: coutner 初期化します  \n
1177321762496233485	2020-03-19 15:43:24	2020-03-19 15:43:24	5235246442	test-d58	100.26.191.48	Local7	Info	app/worker.1	[2020-03-20 00:43:24] development.DEBUG: haveRestricted  \n
1177321762496233486	2020-03-19 15:43:24	2020-03-19 15:43:24	5235246442	test-d58	100.26.191.48	Local7	Info	app/worker.1	[2020-03-20 00:43:24] development.DEBUG: checkApi_counter  \n
1177321762496233487	2020-03-19 15:43:24	2020-03-19 15:43:24	5235246442	test-d58	100.26.191.48	Local7	Info	app/worker.1	[2020-03-20 00:43:24] development.DEBUG: 日付判定確認 : 1  \n
1177321762496233488	2020-03-19 15:43:24	2020-03-19 15:43:24	5235246442	test-d58	100.26.191.48	Local7	Info	app/worker.1	[2020-03-20 00:43:24] development.DEBUG: 2020-03-20 00:00:00  \n
1177321762496233489	2020-03-19 15:43:24	2020-03-19 15:43:24	5235246442	test-d58	100.26.191.48	Local7	Info	app/worker.1	[2020-03-20 00:43:24] development.DEBUG: 2020-03-20 00:43:24  \n
1177321762496233490	2020-03-19 15:43:24	2020-03-19 15:43:24	5235246442	test-d58	100.26.191.48	Local7	Info	app/worker.1	[2020-03-20 00:43:24] development.DEBUG: accese: 制限判定を通過しました。  \n
1177321762496233491	2020-03-19 15:43:24	2020-03-19 15:43:24	5235246442	test-d58	100.26.191.48	Local7	Info	app/worker.1	[2020-03-20 00:43:24] development.DEBUG: 1053251462803779584-BRdGOerk5Wgi4IQKERhDUGcizpOQCr  \n
1177321762496233492	2020-03-19 15:43:24	2020-03-19 15:43:24	5235246442	test-d58	100.26.191.48	Local7	Info	app/worker.1	[2020-03-20 00:43:24] development.DEBUG: oh7aRuh9t7n8rb03GWJp5LvKbuFm6lWYQis6C4SdZwEGC  \n
1177321762496233493	2020-03-19 15:43:24	2020-03-19 15:43:24	5235246442	test-d58	100.26.191.48	Local7	Info	app/worker.1	[2020-03-20 00:43:24] development.DEBUG: {"id":1240591552692404224}  \n
1177321764029702155	2020-03-19 15:43:24	2020-03-19 15:43:24	5235246442	test-d58	54.227.11.135	Local7	Info	app/worker.1	[2020-03-20 00:43:24] development.DEBUG: checkApi  \n
1177321764087013376	2020-03-19 15:43:24	2020-03-19 15:43:24	5235246442	test-d58	54.227.11.135	Local7	Info	app/worker.1	[2020-03-20 00:43:24] development.DEBUG: favorites_create  \n
1177321764087013377	2020-03-19 15:43:24	2020-03-19 15:43:24	5235246442	test-d58	54.227.11.135	Local7	Info	app/worker.1	[2020-03-20 00:43:24] development.DEBUG: 制限状態：1  \n
1177321764087013378	2020-03-19 15:43:24	2020-03-19 15:43:24	5235246442	test-d58	54.227.11.135	Local7	Info	app/worker.1	[2020-03-20 00:43:24] development.DEBUG: 使用状態：1  \n
1177321764087013379	2020-03-19 15:43:24	2020-03-19 15:43:24	5235246442	test-d58	54.227.11.135	Local7	Info	app/worker.1	[2020-03-20 00:43:24] development.DEBUG: next いいね：  \n
1177321764087013380	2020-03-19 15:43:24	2020-03-19 15:43:24	5235246442	test-d58	54.227.11.135	Local7	Info	app/worker.1	[2020-03-20 00:43:24] development.DEBUG: destruct  \n
1177321764087013381	2020-03-19 15:43:24	2020-03-19 15:43:24	5235246442	test-d58	54.227.11.135	Local7	Info	app/worker.1	[2020-03-20 00:43:24] development.DEBUG: 152  \n
1177321764087013382	2020-03-19 15:43:24	2020-03-19 15:43:24	5235246442	test-d58	54.227.11.135	Local7	Info	app/worker.1	[2020-03-20 00:43:24] development.DEBUG: いいねJob発行:ループ開始  \n
1177321764087013383	2020-03-19 15:43:24	2020-03-19 15:43:24	5235246442	test-d58	54.227.11.135	Local7	Info	app/worker.1	[2020-03-20 00:43:24][142] Processed:  App\Jobs\favorite\FavoriteCreateRoopJob\n
1177321813811617793	2020-03-19 15:43:36	2020-03-19 15:43:36	5235246442	test-d58	3.87.245.168	Local3	Info	heroku/router	at=info method=GET path="/home" host=test-d58.herokuapp.com request_id=3f69f0e2-3800-4106-83e4-e47b62284938 fwd="111.239.165.244" dyno=web.1 connect=0ms service=243ms status=200 bytes=4328 protocol=https\n
1177321814406078469	2020-03-19 15:43:36	2020-03-19 15:43:36	5235246442	test-d58	3.92.55.103	Local7	Info	app/web.1	[2020-03-20 00:43:36] development.DEBUG: 特にやることなし  \n
1177321814455271454	2020-03-19 15:43:36	2020-03-19 15:43:36	5235246442	test-d58	3.92.55.103	Local7	Info	app/web.1	10.30.127.22 - - [20/Mar/2020:00:43:36 +0900] "GET /home HTTP/1.1" 200 3438 "https://test-d58.herokuapp.com/" "Mozilla/5.0 (Macintosh; Intel Mac OS X 10_14_6) AppleWebKit/537.36 (KHTML, like Gecko) Chrome/80.0.3987.132 Safari/537.36\n
1177321815105028115	2020-03-19 15:43:36	2020-03-19 15:43:36	5235246442	test-d58	18.234.68.163	Local3	Info	heroku/router	at=info method=GET path="/css/app.css?5e7393285848d" host=test-d58.herokuapp.com request_id=6ec2f43e-a031-4518-b260-50f7d3f2f4d8 fwd="111.239.165.244" dyno=web.1 connect=3ms service=19ms status=200 bytes=128483 protocol=https\n
1177321815222829058	2020-03-19 15:43:36	2020-03-19 15:43:36	5235246442	test-d58	107.23.5.134	Local3	Info	heroku/router	at=info method=GET path="/css/utility.css?5e7393285847e" host=test-d58.herokuapp.com request_id=65c00f7b-212b-4df0-86f9-2fd6e7919641 fwd="111.239.165.244" dyno=web.1 connect=1ms service=10ms status=200 bytes=80171 protocol=https\n
1177321815240437761	2020-03-19 15:43:36	2020-03-19 15:43:36	5235246442	test-d58	54.87.154.48	Local3	Info	heroku/router	at=info method=GET path="/css/reboot.css" host=test-d58.herokuapp.com request_id=b748e2a7-8ab8-4f3b-8410-c0143125331d fwd="111.239.165.244" dyno=web.1 connect=1ms service=3ms status=304 bytes=129 protocol=https\n
1177321815595487235	2020-03-19 15:43:36	2020-03-19 15:43:36	5235246442	test-d58	54.163.38.154	Local3	Info	heroku/router	at=info method=GET path="/js/jquery-3.4.1.min.js" host=test-d58.herokuapp.com request_id=fef5bd30-ab04-477e-9a46-4f0ce400d315 fwd="111.239.165.244" dyno=web.1 connect=1ms service=1ms status=304 bytes=130 protocol=https\n
1177321815636418599	2020-03-19 15:43:36	2020-03-19 15:43:36	5235246442	test-d58	54.175.20.75	Local7	Info	app/web.1	10.150.193.19 - - [20/Mar/2020:00:43:36 +0900] "GET /css/utility.css?5e7393285847e HTTP/1.1" 200 79936 "https://test-d58.herokuapp.com/home" "Mozilla/5.0 (Macintosh; Intel Mac OS X 10_14_6) AppleWebKit/537.36 (KHTML, like Gecko) Chrome/80.0.3987.132 Safari/537.36\n
1177321815692177412	2020-03-19 15:43:36	2020-03-19 15:43:36	5235246442	test-d58	54.175.20.75	Local7	Info	app/web.1	10.37.246.199 - - [20/Mar/2020:00:43:36 +0900] "GET /js/jquery-3.4.1.min.js HTTP/1.1" 304 - "https://test-d58.herokuapp.com/home" "Mozilla/5.0 (Macintosh; Intel Mac OS X 10_14_6) AppleWebKit/537.36 (KHTML, like Gecko) Chrome/80.0.3987.132 Safari/537.36\n
1177321815692177413	2020-03-19 15:43:36	2020-03-19 15:43:36	5235246442	test-d58	54.175.20.75	Local7	Info	app/web.1	10.102.182.112 - - [20/Mar/2020:00:43:36 +0900] "GET /css/other.css?5e73932858499 HTTP/1.1" 200 212 "https://test-d58.herokuapp.com/home" "Mozilla/5.0 (Macintosh; Intel Mac OS X 10_14_6) AppleWebKit/537.36 (KHTML, like Gecko) Chrome/80.0.3987.132 Safari/537.36\n
1177321815692177414	2020-03-19 15:43:36	2020-03-19 15:43:36	5235246442	test-d58	54.175.20.75	Local7	Info	app/web.1	10.43.184.146 - - [20/Mar/2020:00:43:36 +0900] "GET /css/reboot.css HTTP/1.1" 304 - "https://test-d58.herokuapp.com/home" "Mozilla/5.0 (Macintosh; Intel Mac OS X 10_14_6) AppleWebKit/537.36 (KHTML, like Gecko) Chrome/80.0.3987.132 Safari/537.36\n
1177321815692177415	2020-03-19 15:43:36	2020-03-19 15:43:36	5235246442	test-d58	54.175.20.75	Local7	Info	app/web.1	10.5.179.3 - - [20/Mar/2020:00:43:36 +0900] "GET /css/app.css?5e7393285848d HTTP/1.1" 200 128247 "https://test-d58.herokuapp.com/home" "Mozilla/5.0 (Macintosh; Intel Mac OS X 10_14_6) AppleWebKit/537.36 (KHTML, like Gecko) Chrome/80.0.3987.132 Safari/537.36\n
1177321815692177416	2020-03-19 15:43:36	2020-03-19 15:43:36	5235246442	test-d58	54.175.20.75	Local7	Info	app/web.1	10.30.127.22 - - [20/Mar/2020:00:43:36 +0900] "GET /js/app.js?5e739328583db HTTP/1.1" 200 1942733 "https://test-d58.herokuapp.com/home" "Mozilla/5.0 (Macintosh; Intel Mac OS X 10_14_6) AppleWebKit/537.36 (KHTML, like Gecko) Chrome/80.0.3987.132 Safari/537.36\n
1177321815850049539	2020-03-19 15:43:36	2020-03-19 15:43:36	5235246442	test-d58	3.83.166.255	Local3	Info	heroku/router	at=info method=GET path="/css/other.css?5e73932858499" host=test-d58.herokuapp.com request_id=02635aba-0a65-4ba1-9172-86087d790600 fwd="111.239.165.244" dyno=web.1 connect=1ms service=2ms status=200 bytes=442 protocol=https\n
1177321816212918312	2020-03-19 15:43:36	2020-03-19 15:43:37	5235246442	test-d58	54.92.175.21	Local3	Info	heroku/router	at=info method=GET path="/js/app.js?5e739328583db" host=test-d58.herokuapp.com request_id=01f93799-80b4-4c23-af9f-15e6c8c1a8ab fwd="111.239.165.244" dyno=web.1 connect=1ms service=89ms status=200 bytes=1942985 protocol=https\n
1177321836870770696	2020-03-19 15:43:41	2020-03-19 15:43:42	5235246442	test-d58	3.81.208.154	Local3	Info	heroku/router	at=info method=GET path="/RestApi?id=2&model_name=Key_Pattern" host=test-d58.herokuapp.com request_id=11bff170-8444-4666-ad20-c4b341cf5897 fwd="111.239.165.244" dyno=web.1 connect=4ms service=104ms status=200 bytes=894 protocol=https\n
1177321837015797760	2020-03-19 15:43:41	2020-03-19 15:43:42	5235246442	test-d58	100.26.203.31	Local3	Info	heroku/router	at=info method=GET path="/favicon.ico" host=test-d58.herokuapp.com request_id=70513640-b492-4b11-94fc-48a34e639113 fwd="111.239.165.244" dyno=web.1 connect=1ms service=6ms status=304 bytes=126 protocol=https\n
1177321837263536140	2020-03-19 15:43:41	2020-03-19 15:43:42	5235246442	test-d58	54.225.16.186	Local3	Info	heroku/router	at=info method=GET path="/RestApi?id=2&model_name=Tw_Account" host=test-d58.herokuapp.com request_id=2c074639-81e5-489f-8854-4ecca782d50c fwd="111.239.165.244" dyno=web.1 connect=0ms service=100ms status=200 bytes=2429 protocol=https\n
1177321837265035289	2020-03-19 15:43:41	2020-03-19 15:43:42	5235246442	test-d58	18.212.193.110	Local7	Info	app/web.1	10.102.182.112 - - [20/Mar/2020:00:43:41 +0900] "GET /favicon.ico HTTP/1.1" 304 - "https://test-d58.herokuapp.com/home" "Mozilla/5.0 (Macintosh; Intel Mac OS X 10_14_6) AppleWebKit/537.36 (KHTML, like Gecko) Chrome/80.0.3987.132 Safari/537.36\n
1177321837313789955	2020-03-19 15:43:41	2020-03-19 15:43:42	5235246442	test-d58	18.212.193.110	Local7	Info	app/web.1	[2020-03-20 00:43:41] development.DEBUG: {"id":"2","model_name":"Tw_Target_Account"}  \n
1177321837313789956	2020-03-19 15:43:41	2020-03-19 15:43:42	5235246442	test-d58	18.212.193.110	Local7	Info	app/web.1	[2020-03-20 00:43:41] development.DEBUG: Tw_Target_Account  \n
1177321837313789957	2020-03-19 15:43:41	2020-03-19 15:43:42	5235246442	test-d58	18.212.193.110	Local7	Info	app/web.1	[2020-03-20 00:43:41] development.DEBUG: {"id":"2","model_name":"Tw_Account"}  \n
1177321837313789958	2020-03-19 15:43:41	2020-03-19 15:43:42	5235246442	test-d58	18.212.193.110	Local7	Info	app/web.1	[2020-03-20 00:43:41] development.DEBUG: Tw_Account  \n
1177321837313789959	2020-03-19 15:43:41	2020-03-19 15:43:42	5235246442	test-d58	18.212.193.110	Local7	Info	app/web.1	[2020-03-20 00:43:41] development.DEBUG: {"id":"2","model_name":"Key_Pattern"}  \n
1177321837313789960	2020-03-19 15:43:41	2020-03-19 15:43:42	5235246442	test-d58	18.212.193.110	Local7	Info	app/web.1	[2020-03-20 00:43:41] development.DEBUG: Key_Pattern  \n
1177321837313789961	2020-03-19 15:43:41	2020-03-19 15:43:42	5235246442	test-d58	18.212.193.110	Local7	Info	app/web.1	[2020-03-20 00:43:41] development.DEBUG:  id :2  \n
1177321837313789962	2020-03-19 15:43:41	2020-03-19 15:43:42	5235246442	test-d58	18.212.193.110	Local7	Info	app/web.1	[2020-03-20 00:43:41] development.DEBUG:  id :2  \n
1177321837313789963	2020-03-19 15:43:41	2020-03-19 15:43:42	5235246442	test-d58	18.212.193.110	Local7	Info	app/web.1	[2020-03-20 00:43:41] development.DEBUG:  id :2  \n
1177321837313789964	2020-03-19 15:43:41	2020-03-19 15:43:42	5235246442	test-d58	18.212.193.110	Local7	Info	app/web.1	10.150.193.19 - - [20/Mar/2020:00:43:41 +0900] "GET /RestApi?id=2&model_name=Tw_Target_Account HTTP/1.1" 200 23 "https://test-d58.herokuapp.com/home" "Mozilla/5.0 (Macintosh; Intel Mac OS X 10_14_6) AppleWebKit/537.36 (KHTML, like Gecko) Chrome/80.0.3987.132 Safari/537.36\n
1177321837313789965	2020-03-19 15:43:41	2020-03-19 15:43:42	5235246442	test-d58	18.212.193.110	Local7	Info	app/web.1	[2020-03-20 00:43:41] development.DEBUG: {"id":"2","model_name":"Favorite_Key_Pattern"}  \n
1177321837313789966	2020-03-19 15:43:41	2020-03-19 15:43:42	5235246442	test-d58	18.212.193.110	Local7	Info	app/web.1	[2020-03-20 00:43:41] development.DEBUG: Favorite_Key_Pattern  \n
1177321837313789967	2020-03-19 15:43:41	2020-03-19 15:43:42	5235246442	test-d58	18.212.193.110	Local7	Info	app/web.1	10.30.127.22 - - [20/Mar/2020:00:43:41 +0900] "GET /RestApi?id=2&model_name=Tw_Account HTTP/1.1" 200 1551 "https://test-d58.herokuapp.com/home" "Mozilla/5.0 (Macintosh; Intel Mac OS X 10_14_6) AppleWebKit/537.36 (KHTML, like Gecko) Chrome/80.0.3987.132 Safari/537.36\n
1177321837313789968	2020-03-19 15:43:41	2020-03-19 15:43:42	5235246442	test-d58	18.212.193.110	Local7	Info	app/web.1	10.5.179.3 - - [20/Mar/2020:00:43:41 +0900] "GET /RestApi?id=2&model_name=Key_Pattern HTTP/1.1" 200 23 "https://test-d58.herokuapp.com/home" "Mozilla/5.0 (Macintosh; Intel Mac OS X 10_14_6) AppleWebKit/537.36 (KHTML, like Gecko) Chrome/80.0.3987.132 Safari/537.36\n
1177321837313789969	2020-03-19 15:43:41	2020-03-19 15:43:42	5235246442	test-d58	18.212.193.110	Local7	Info	app/web.1	[2020-03-20 00:43:41] development.DEBUG:  id :2  \n
1177321837313789970	2020-03-19 15:43:41	2020-03-19 15:43:42	5235246442	test-d58	18.212.193.110	Local7	Info	app/web.1	10.43.184.146 - - [20/Mar/2020:00:43:41 +0900] "GET /RestApi?id=2&model_name=Favorite_Key_Pattern HTTP/1.1" 200 233 "https://test-d58.herokuapp.com/home" "Mozilla/5.0 (Macintosh; Intel Mac OS X 10_14_6) AppleWebKit/537.36 (KHTML, like Gecko) Chrome/80.0.3987.132 Safari/537.36\n
1177321837397676032	2020-03-19 15:43:41	2020-03-19 15:43:42	5235246442	test-d58	54.89.204.77	Local3	Info	heroku/router	at=info method=GET path="/RestApi?id=2&model_name=Tw_Target_Account" host=test-d58.herokuapp.com request_id=1bbdb3cd-bf7e-4cca-8243-e38fb7eed27d fwd="111.239.165.244" dyno=web.1 connect=1ms service=81ms status=200 bytes=900 protocol=https\n
1177321837484269568	2020-03-19 15:43:41	2020-03-19 15:43:42	5235246442	test-d58	52.87.58.241	Local3	Info	heroku/router	at=info method=GET path="/RestApi?id=2&model_name=Favorite_Key_Pattern" host=test-d58.herokuapp.com request_id=1ab2bbc1-01e2-44d7-99c2-7e369e5a5773 fwd="111.239.165.244" dyno=web.1 connect=1ms service=135ms status=200 bytes=1114 protocol=https\n
1177321838626607104	2020-03-19 15:43:42	2020-03-19 15:43:42	5235246442	test-d58	18.207.195.80	Local7	Info	app/web.1	[2020-03-20 00:43:42] development.DEBUG: {"id":"2","model_name":"Tw_Account"}  \n
1177321838693740546	2020-03-19 15:43:42	2020-03-19 15:43:42	5235246442	test-d58	18.207.195.80	Local7	Info	app/web.1	[2020-03-20 00:43:42] development.DEBUG: Tw_Account  \n
1177321838693740547	2020-03-19 15:43:42	2020-03-19 15:43:42	5235246442	test-d58	18.207.195.80	Local7	Info	app/web.1	[2020-03-20 00:43:42] development.DEBUG:  id :2  \n
1177321838693740548	2020-03-19 15:43:42	2020-03-19 15:43:42	5235246442	test-d58	18.207.195.80	Local7	Info	app/web.1	10.30.127.22 - - [20/Mar/2020:00:43:42 +0900] "GET /RestApi?id=2&model_name=Tw_Account HTTP/1.1" 200 1551 "https://test-d58.herokuapp.com/home" "Mozilla/5.0 (Macintosh; Intel Mac OS X 10_14_6) AppleWebKit/537.36 (KHTML, like Gecko) Chrome/80.0.3987.132 Safari/537.36\n
1177321839052939265	2020-03-19 15:43:42	2020-03-19 15:43:42	5235246442	test-d58	3.87.15.2	Local3	Info	heroku/router	at=info method=GET path="/RestApi?id=2&model_name=Tw_Account" host=test-d58.herokuapp.com request_id=c82713d4-5ff5-4dba-ae7e-0112d7365335 fwd="111.239.165.244" dyno=web.1 connect=0ms service=55ms status=200 bytes=2425 protocol=https\n
1177321849041735680	2020-03-19 15:43:44	2020-03-19 15:43:44	5235246442	test-d58	34.229.179.77	Local3	Info	heroku/router	at=info method=GET path="/RestApi?column=tw_account_id&value=2&model_name=Tw_Auto_Tweet" host=test-d58.herokuapp.com request_id=8a1a677c-af7e-4a2c-bb1a-5baf6e3ac552 fwd="111.239.165.244" dyno=web.1 connect=0ms service=58ms status=200 bytes=898 protocol=https\n
1177321849200250881	2020-03-19 15:43:44	2020-03-19 15:43:44	5235246442	test-d58	3.89.226.0	Local7	Info	app/web.1	[2020-03-20 00:43:44] development.DEBUG: {"column":"tw_account_id","value":"2","model_name":"Tw_Auto_Tweet"}  \n
1177321849254998025	2020-03-19 15:43:44	2020-03-19 15:43:44	5235246442	test-d58	3.89.226.0	Local7	Info	app/web.1	[2020-03-20 00:43:44] development.DEBUG: Tw_Auto_Tweet  \n
1177321849254998026	2020-03-19 15:43:44	2020-03-19 15:43:44	5235246442	test-d58	3.89.226.0	Local7	Info	app/web.1	[2020-03-20 00:43:44] development.DEBUG: key name : id  \n
1177321849254998027	2020-03-19 15:43:44	2020-03-19 15:43:44	5235246442	test-d58	3.89.226.0	Local7	Info	app/web.1	10.30.127.22 - - [20/Mar/2020:00:43:44 +0900] "GET /RestApi?column=tw_account_id&value=2&model_name=Tw_Auto_Tweet HTTP/1.1" 200 23 "https://test-d58.herokuapp.com/my_tw_account?id=2" "Mozilla/5.0 (Macintosh; Intel Mac OS X 10_14_6) AppleWebKit/537.36 (KHTML, like Gecko) Chrome/80.0.3987.132 Safari/537.36\n
1177322051421696002	2020-03-19 15:44:33	2020-03-19 15:44:33	5235246442	test-d58	54.81.165.2	Local3	Info	heroku/router	at=info method=GET path="/favicon.ico" host=test-d58.herokuapp.com request_id=aa33ee9e-5206-43e0-8eb8-a563fc18ec19 fwd="111.239.165.244" dyno=web.1 connect=0ms service=1ms status=304 bytes=126 protocol=https\n
1177322052247142400	2020-03-19 15:44:33	2020-03-19 15:44:33	5235246442	test-d58	54.152.200.103	Local7	Info	app/web.1	10.30.127.22 - - [20/Mar/2020:00:44:33 +0900] "GET /favicon.ico HTTP/1.1" 304 - "https://test-d58.herokuapp.com/target_list" "Mozilla/5.0 (Macintosh; Intel Mac OS X 10_14_6) AppleWebKit/537.36 (KHTML, like Gecko) Chrome/80.0.3987.132 Safari/537.36\n
1177322053316976641	2020-03-19 15:44:33	2020-03-19 15:44:33	5235246442	test-d58	34.207.99.19	Local3	Info	heroku/router	at=info method=GET path="/RestApi?id=2&model_name=Tw_Account" host=test-d58.herokuapp.com request_id=16716234-7240-4baa-b68e-d4a7ca7aa5b5 fwd="111.239.165.244" dyno=web.1 connect=1ms service=197ms status=200 bytes=2435 protocol=https\n
1177322053334605826	2020-03-19 15:44:33	2020-03-19 15:44:33	5235246442	test-d58	54.167.81.38	Local7	Info	app/web.1	[2020-03-20 00:44:33] development.DEBUG: {"id":"2","model_name":"Tw_Account"}  \n
1177322053383360587	2020-03-19 15:44:33	2020-03-19 15:44:33	5235246442	test-d58	54.167.81.38	Local7	Info	app/web.1	[2020-03-20 00:44:33] development.DEBUG: Tw_Account  \n
1177322053383360590	2020-03-19 15:44:33	2020-03-19 15:44:33	5235246442	test-d58	54.167.81.38	Local7	Info	app/web.1	[2020-03-20 00:44:33] development.DEBUG:  id :2  \n
1177322053383360593	2020-03-19 15:44:33	2020-03-19 15:44:33	5235246442	test-d58	54.167.81.38	Local7	Info	app/web.1	10.43.184.146 - - [20/Mar/2020:00:44:33 +0900] "GET /RestApi?id=2&model_name=Tw_Account HTTP/1.1" 200 1551 "https://test-d58.herokuapp.com/home" "Mozilla/5.0 (Macintosh; Intel Mac OS X 10_14_6) AppleWebKit/537.36 (KHTML, like Gecko) Chrome/80.0.3987.132 Safari/537.36\n
1177322063677452289	2020-03-19 15:44:35	2020-03-19 15:44:36	5235246442	test-d58	54.152.34.185	Local7	Info	app/web.1	[2020-03-20 00:44:35] development.DEBUG: {"column":"tw_account_id","value":"2","model_name":"Tw_Auto_Tweet"}  \n
1177322063745998852	2020-03-19 15:44:35	2020-03-19 15:44:36	5235246442	test-d58	54.152.34.185	Local7	Info	app/web.1	[2020-03-20 00:44:35] development.DEBUG: Tw_Auto_Tweet  \n
1177322063745998853	2020-03-19 15:44:35	2020-03-19 15:44:36	5235246442	test-d58	54.152.34.185	Local7	Info	app/web.1	[2020-03-20 00:44:35] development.DEBUG: key name : id  \n
1177322063745998854	2020-03-19 15:44:35	2020-03-19 15:44:36	5235246442	test-d58	54.152.34.185	Local7	Info	app/web.1	10.43.184.146 - - [20/Mar/2020:00:44:35 +0900] "GET /RestApi?column=tw_account_id&value=2&model_name=Tw_Auto_Tweet HTTP/1.1" 200 23 "https://test-d58.herokuapp.com/my_tw_account?id=2" "Mozilla/5.0 (Macintosh; Intel Mac OS X 10_14_6) AppleWebKit/537.36 (KHTML, like Gecko) Chrome/80.0.3987.132 Safari/537.36\n
1177322063894286387	2020-03-19 15:44:35	2020-03-19 15:44:36	5235246442	test-d58	3.88.20.200	Local3	Info	heroku/router	at=info method=GET path="/RestApi?column=tw_account_id&value=2&model_name=Tw_Auto_Tweet" host=test-d58.herokuapp.com request_id=6bffe70c-8716-480c-b343-4f8ee1f864cc fwd="111.239.165.244" dyno=web.1 connect=1ms service=57ms status=200 bytes=904 protocol=https\n
1177322395863572484	2020-03-19 15:45:55	2020-03-19 15:45:55	5235246442	test-d58	54.163.38.154	Local7	Info	app/web.1	10.95.209.15 - - [20/Mar/2020:00:45:55 +0900] "GET /favicon.ico HTTP/1.1" 304 - "https://test-d58.herokuapp.com/target_list" "Mozilla/5.0 (Macintosh; Intel Mac OS X 10_14_6) AppleWebKit/537.36 (KHTML, like Gecko) Chrome/80.0.3987.132 Safari/537.36\n
1177322395869057025	2020-03-19 15:45:55	2020-03-19 15:45:55	5235246442	test-d58	18.212.214.37	Local3	Info	heroku/router	at=info method=GET path="/favicon.ico" host=test-d58.herokuapp.com request_id=7fb966ac-a4b0-4c37-beaf-6a7c2b8595cd fwd="111.239.165.244" dyno=web.1 connect=0ms service=1ms status=304 bytes=126 protocol=https\n
1177322397429559296	2020-03-19 15:45:55	2020-03-19 15:45:55	5235246442	test-d58	54.234.254.200	Local7	Info	app/web.1	[2020-03-20 00:45:55] development.DEBUG: {"id":"2","model_name":"Tw_Account"}  \n
1177322397487046658	2020-03-19 15:45:55	2020-03-19 15:45:55	5235246442	test-d58	54.234.254.200	Local7	Info	app/web.1	[2020-03-20 00:45:55] development.DEBUG: Tw_Account  \n
1177322397487046659	2020-03-19 15:45:55	2020-03-19 15:45:55	5235246442	test-d58	54.234.254.200	Local7	Info	app/web.1	[2020-03-20 00:45:55] development.DEBUG:  id :2  \n
1177322397487046660	2020-03-19 15:45:55	2020-03-19 15:45:55	5235246442	test-d58	54.234.254.200	Local7	Info	app/web.1	10.11.249.181 - - [20/Mar/2020:00:45:55 +0900] "GET /RestApi?id=2&model_name=Tw_Account HTTP/1.1" 200 1549 "https://test-d58.herokuapp.com/home" "Mozilla/5.0 (Macintosh; Intel Mac OS X 10_14_6) AppleWebKit/537.36 (KHTML, like Gecko) Chrome/80.0.3987.132 Safari/537.36\n
1177322397853159441	2020-03-19 15:45:55	2020-03-19 15:45:55	5235246442	test-d58	3.84.246.161	Local3	Info	heroku/router	at=info method=GET path="/RestApi?id=2&model_name=Tw_Account" host=test-d58.herokuapp.com request_id=37da5ab6-2a00-48a6-bbf1-3951710a52dc fwd="111.239.165.244" dyno=web.1 connect=0ms service=112ms status=200 bytes=2423 protocol=https\n
1177322403838509058	2020-03-19 15:45:56	2020-03-19 15:45:57	5235246442	test-d58	54.211.140.244	Local7	Info	app/web.1	[2020-03-20 00:45:56] development.DEBUG: {"column":"tw_account_id","value":"2","model_name":"Tw_Auto_Tweet"}  \n
1177322403874693123	2020-03-19 15:45:56	2020-03-19 15:45:57	5235246442	test-d58	54.211.140.244	Local7	Info	app/web.1	[2020-03-20 00:45:56] development.DEBUG: Tw_Auto_Tweet  \n
1177322403874693124	2020-03-19 15:45:56	2020-03-19 15:45:57	5235246442	test-d58	54.211.140.244	Local7	Info	app/web.1	[2020-03-20 00:45:56] development.DEBUG: key name : id  \n
1177322403874693125	2020-03-19 15:45:56	2020-03-19 15:45:57	5235246442	test-d58	54.211.140.244	Local7	Info	app/web.1	10.11.249.181 - - [20/Mar/2020:00:45:56 +0900] "GET /RestApi?column=tw_account_id&value=2&model_name=Tw_Auto_Tweet HTTP/1.1" 200 23 "https://test-d58.herokuapp.com/my_tw_account?id=2" "Mozilla/5.0 (Macintosh; Intel Mac OS X 10_14_6) AppleWebKit/537.36 (KHTML, like Gecko) Chrome/80.0.3987.132 Safari/537.36\n
1177322403981037569	2020-03-19 15:45:56	2020-03-19 15:45:57	5235246442	test-d58	18.234.57.153	Local3	Info	heroku/router	at=info method=GET path="/RestApi?column=tw_account_id&value=2&model_name=Tw_Auto_Tweet" host=test-d58.herokuapp.com request_id=b6ff8f43-16aa-4dc6-9c1a-6f8c9aca8421 fwd="111.239.165.244" dyno=web.1 connect=0ms service=79ms status=200 bytes=900 protocol=https\n
1177322465101705223	2020-03-19 15:46:11	2020-03-19 15:46:11	5235246442	test-d58	54.167.15.154	Local3	Info	heroku/router	at=info method=GET path="/RestApi/create?app_id=2&keyword[]=%7B%22opt%22:%22and%22,%22txt%22:%22%E3%82%AC%E3%83%AA%E3%82%AC%E3%83%AA%E5%90%9B%22%7D&model_name=Favorite_Key_Pattern" host=test-d58.herokuapp.com request_id=0410340c-676b-4151-ac75-0901c6a91ff6 fwd="111.239.165.244" dyno=web.1 connect=1ms service=96ms status=200 bytes=1101 protocol=https\n
1177322465260544001	2020-03-19 15:46:11	2020-03-19 15:46:11	5235246442	test-d58	3.86.64.71	Local7	Info	app/web.1	[2020-03-20 00:46:11] development.DEBUG: {"app_id":"2","keyword":["{\"opt\":\"and\",\"txt\":\"\u30ac\u30ea\u30ac\u30ea\u541b\"}"],"model_name":"Favorite_Key_Pattern"}  \n
1177322465307582467	2020-03-19 15:46:11	2020-03-19 15:46:11	5235246442	test-d58	3.86.64.71	Local7	Info	app/web.1	[2020-03-20 00:46:11] development.DEBUG: Favorite_Key_Pattern  \n
1177322465307582468	2020-03-19 15:46:11	2020-03-19 15:46:11	5235246442	test-d58	3.86.64.71	Local7	Info	app/web.1	[2020-03-20 00:46:11] development.DEBUG: 11111  \n
1177322465307582470	2020-03-19 15:46:11	2020-03-19 15:46:11	5235246442	test-d58	3.86.64.71	Local7	Info	app/web.1	[2020-03-20 00:46:11] development.DEBUG: 3333  \n
1177322465307582471	2020-03-19 15:46:11	2020-03-19 15:46:11	5235246442	test-d58	3.86.64.71	Local7	Info	app/web.1	[2020-03-20 00:46:11] development.DEBUG: 4444  \n
1177322465307582472	2020-03-19 15:46:11	2020-03-19 15:46:11	5235246442	test-d58	3.86.64.71	Local7	Info	app/web.1	[2020-03-20 00:46:11] development.DEBUG: 5555  \n
1177322465307582473	2020-03-19 15:46:11	2020-03-19 15:46:11	5235246442	test-d58	3.86.64.71	Local7	Info	app/web.1	10.11.249.181 - - [20/Mar/2020:00:46:11 +0900] "GET /RestApi/create?app_id=2&keyword[]=%7B%22opt%22:%22and%22,%22txt%22:%22%E3%82%AC%E3%83%AA%E3%82%AC%E3%83%AA%E5%90%9B%22%7D&model_name=Favorite_Key_Pattern HTTP/1.1" 200 228 "https://test-d58.herokuapp.com/favorite_keyword" "Mozilla/5.0 (Macintosh; Intel Mac OS X 10_14_6) AppleWebKit/537.36 (KHTML, like Gecko) Chrome/80.0.3987.132 Safari/537.36\n
1177322468288544768	2020-03-19 15:46:12	2020-03-19 15:46:12	5235246442	test-d58	54.161.199.238	Local3	Info	heroku/router	at=info method=GET path="/RestApi?id=2&model_name=Favorite_Key_Pattern" host=test-d58.herokuapp.com request_id=3ec92506-a73d-42a6-8f19-7674734331fe fwd="111.239.165.244" dyno=web.1 connect=0ms service=78ms status=200 bytes=1335 protocol=https\n
1177322468693467137	2020-03-19 15:46:12	2020-03-19 15:46:12	5235246442	test-d58	54.173.79.85	Local7	Info	app/web.1	[2020-03-20 00:46:12] development.DEBUG: {"id":"2","model_name":"Favorite_Key_Pattern"}  \n
1177322468760854533	2020-03-19 15:46:12	2020-03-19 15:46:12	5235246442	test-d58	54.173.79.85	Local7	Info	app/web.1	[2020-03-20 00:46:12] development.DEBUG: Favorite_Key_Pattern  \n
1177322468760854535	2020-03-19 15:46:12	2020-03-19 15:46:12	5235246442	test-d58	54.173.79.85	Local7	Info	app/web.1	[2020-03-20 00:46:12] development.DEBUG:  id :2  \n
1177322468760854536	2020-03-19 15:46:12	2020-03-19 15:46:12	5235246442	test-d58	54.173.79.85	Local7	Info	app/web.1	10.11.249.181 - - [20/Mar/2020:00:46:12 +0900] "GET /RestApi?id=2&model_name=Favorite_Key_Pattern HTTP/1.1" 200 457 "https://test-d58.herokuapp.com/favorite_keyword" "Mozilla/5.0 (Macintosh; Intel Mac OS X 10_14_6) AppleWebKit/537.36 (KHTML, like Gecko) Chrome/80.0.3987.132 Safari/537.36\n
1177322472138915845	2020-03-19 15:46:13	2020-03-19 15:46:13	5235246442	test-d58	3.83.203.55	Local3	Info	heroku/router	at=info method=GET path="/RestApi?id=2&model_name=Tw_Account" host=test-d58.herokuapp.com request_id=6bcf502b-981a-433c-967b-46e73623e2ce fwd="111.239.165.244" dyno=web.1 connect=0ms service=55ms status=200 bytes=2427 protocol=https\n
1177322472671879169	2020-03-19 15:46:13	2020-03-19 15:46:13	5235246442	test-d58	3.81.50.20	Local7	Info	app/web.1	[2020-03-20 00:46:13] development.DEBUG: {"id":"2","model_name":"Tw_Account"}  \n
1177322472721510426	2020-03-19 15:46:13	2020-03-19 15:46:13	5235246442	test-d58	3.81.50.20	Local7	Info	app/web.1	[2020-03-20 00:46:13] development.DEBUG: Tw_Account  \n
1177322472721510427	2020-03-19 15:46:13	2020-03-19 15:46:13	5235246442	test-d58	3.81.50.20	Local7	Info	app/web.1	[2020-03-20 00:46:13] development.DEBUG:  id :2  \n
1177322472721510428	2020-03-19 15:46:13	2020-03-19 15:46:13	5235246442	test-d58	3.81.50.20	Local7	Info	app/web.1	10.11.249.181 - - [20/Mar/2020:00:46:13 +0900] "GET /RestApi?id=2&model_name=Tw_Account HTTP/1.1" 200 1549 "https://test-d58.herokuapp.com/home" "Mozilla/5.0 (Macintosh; Intel Mac OS X 10_14_6) AppleWebKit/537.36 (KHTML, like Gecko) Chrome/80.0.3987.132 Safari/537.36\n
1177322482266513416	2020-03-19 15:46:15	2020-03-19 15:46:15	5235246442	test-d58	18.212.193.110	Local3	Info	heroku/router	at=info method=GET path="/favicon.ico" host=test-d58.herokuapp.com request_id=5e701c4f-1c02-465e-8d6f-fb36aafd0f22 fwd="111.239.165.244" dyno=web.1 connect=0ms service=1ms status=304 bytes=126 protocol=https\n
1177322482339025030	2020-03-19 15:46:15	2020-03-19 15:46:15	5235246442	test-d58	52.90.30.75	Local7	Info	app/web.1	10.95.209.15 - - [20/Mar/2020:00:46:15 +0900] "GET /favicon.ico HTTP/1.1" 304 - "https://test-d58.herokuapp.com/my_tw_account?id=2" "Mozilla/5.0 (Macintosh; Intel Mac OS X 10_14_6) AppleWebKit/537.36 (KHTML, like Gecko) Chrome/80.0.3987.132 Safari/537.36\n
1177322482389434368	2020-03-19 15:46:15	2020-03-19 15:46:15	5235246442	test-d58	52.90.30.75	Local7	Info	app/web.1	[2020-03-20 00:46:15] development.DEBUG: {"column":"tw_account_id","value":"2","model_name":"Tw_Auto_Tweet"}  \n
1177322482389434369	2020-03-19 15:46:15	2020-03-19 15:46:15	5235246442	test-d58	52.90.30.75	Local7	Info	app/web.1	[2020-03-20 00:46:15] development.DEBUG: Tw_Auto_Tweet  \n
1177322482389434370	2020-03-19 15:46:15	2020-03-19 15:46:15	5235246442	test-d58	52.90.30.75	Local7	Info	app/web.1	[2020-03-20 00:46:15] development.DEBUG: key name : id  \n
1177322482389434371	2020-03-19 15:46:15	2020-03-19 15:46:15	5235246442	test-d58	52.90.30.75	Local7	Info	app/web.1	10.11.249.181 - - [20/Mar/2020:00:46:15 +0900] "GET /RestApi?column=tw_account_id&value=2&model_name=Tw_Auto_Tweet HTTP/1.1" 200 23 "https://test-d58.herokuapp.com/my_tw_account?id=2" "Mozilla/5.0 (Macintosh; Intel Mac OS X 10_14_6) AppleWebKit/537.36 (KHTML, like Gecko) Chrome/80.0.3987.132 Safari/537.36\n
1177322482599796738	2020-03-19 15:46:15	2020-03-19 15:46:15	5235246442	test-d58	35.175.224.176	Local3	Info	heroku/router	at=info method=GET path="/RestApi?column=tw_account_id&value=2&model_name=Tw_Auto_Tweet" host=test-d58.herokuapp.com request_id=f62669db-b3a4-441c-b341-59f33d535dc3 fwd="111.239.165.244" dyno=web.1 connect=0ms service=112ms status=200 bytes=902 protocol=https\n
1177322499657977860	2020-03-19 15:46:19	2020-03-19 15:46:20	5235246442	test-d58	54.198.51.166	Local7	Info	app/web.1	[2020-03-20 00:46:19] development.DEBUG: {"tw_account_id":"2","favorite_key_pattern_id":"0","model_name":"Tw_Account"}  \n
1177322499674755075	2020-03-19 15:46:19	2020-03-19 15:46:20	5235246442	test-d58	18.208.152.135	Local3	Info	heroku/router	at=info method=GET path="/RestApi/edit/edit?tw_account_id=2&favorite_key_pattern_id=0&model_name=Tw_Account" host=test-d58.herokuapp.com request_id=e4d1a139-6b4f-4fb8-a3eb-ac951fb446a8 fwd="111.239.165.244" dyno=web.1 connect=0ms service=55ms status=200 bytes=2425 protocol=https\n
1177322499715829773	2020-03-19 15:46:19	2020-03-19 15:46:20	5235246442	test-d58	54.198.51.166	Local7	Info	app/web.1	[2020-03-20 00:46:19] development.DEBUG: Tw_Account  \n
1177322499715829774	2020-03-19 15:46:19	2020-03-19 15:46:20	5235246442	test-d58	54.198.51.166	Local7	Info	app/web.1	[2020-03-20 00:46:19] development.DEBUG: {"tw_account_id":2,"app_id":2,"user_id":1053251462803779584,"key_pattern_id":null,"favorite_key_pattern_id":2,"screen_name":"TyrantAaa","oauth_token":"1053251462803779584-BRdGOerk5Wgi4IQKERhDUGcizpOQCr","oauth_token_secret":"oh7aRuh9t7n8rb03GWJp5LvKbuFm6lWYQis6C4SdZwEGC","profile_image_url_https":"https:\/\/abs.twimg.com\/sticky\/default_profile_images\/default_profile_normal.png","name":"tyrant_aaA","description":"\u3053\u306e\u30a2\u30ab\u30a6\u30f3\u30c8\u306fTwitterAPI\u81ea\u52d5\u64cd\u4f5c\u30a2\u30d7\u30ea\u958b\u767a\u3067\u3001\n
1177322499715829775	2020-03-19 15:46:19	2020-03-19 15:46:20	5235246442	test-d58	54.198.51.166	Local7	Info	app/web.1	\u4f7f\u3063\u3066\u304a\u308a\u307e\u3059\u3002\n
1177322499715829776	2020-03-19 15:46:19	2020-03-19 15:46:20	5235246442	test-d58	54.198.51.166	Local7	Info	app/web.1	\u3054\u4e86\u627f\u304f\u3060\u3055\u3044\u3002\n
1177322499715829777	2020-03-19 15:46:19	2020-03-19 15:46:20	5235246442	test-d58	54.198.51.166	Local7	Info	app/web.1	\u305f\u307e\u306b\u545f\u304d\u307e\u3059\u3002","follow":0,"unfollow":0,"tweet":0,"favorite":0,"follow_queue_id":0,"unfollow_queue_id":0,"favorite_queue_id":0,"auto_followers_list":0,"auto_users_show":0,"auto_friendships_create":0,"auto_friendships_lookup":0,"auto_friendships_destroy":0,"auto_search_tweets":0,"auto_favorites_create":1,"followers_list":1,"users_show":1,"friendships_create":1,"friendships_lookup":1,"friendships_destroy":1,"search_tweets":1,"favorites_create":1,"statuses_update":1,"followers_list_counter":12,"users_show_counter":2,"friendships_create_counter":22,"friendships_lookup_counter":32,"friendships_destroy_counter":42,"search_tweets_counter":52,"favorites_create_counter":62,"statuses_update_create_counter":72,"suspended":0,"queue_name":null,"unfollow_flag":0,"created_at":"2020-03-19 19:49:22","updated_at":"2020-03-20 00:43:24","deleted_at":null}  \n
1177322499715829778	2020-03-19 15:46:19	2020-03-19 15:46:20	5235246442	test-d58	54.198.51.166	Local7	Info	app/web.1	10.11.249.181 - - [20/Mar/2020:00:46:19 +0900] "GET /RestApi/edit/edit?tw_account_id=2&favorite_key_pattern_id=0&model_name=Tw_Account HTTP/1.1" 200 1549 "https://test-d58.herokuapp.com/my_tw_account?id=2" "Mozilla/5.0 (Macintosh; Intel Mac OS X 10_14_6) AppleWebKit/537.36 (KHTML, like Gecko) Chrome/80.0.3987.132 Safari/537.36\n
com request_id=298827d4-f51f-4f62-acfb-8d2490eca2dc fwd="111.239.165.244" dyno=web.1 connect=0ms service=165ms status=200 bytes=2426 protocol=https\n







1177322816016957443	2020-03-19 15:47:35	2020-03-19 15:47:35	5235246442	test-d58	18.209.14.133	Local7	Info	app/worker.1	[2020-03-20 00:47:35][162] Processing: App\Jobs\favorite\SearchTweetRoopJob\n
1177322816072130563	2020-03-19 15:47:35	2020-03-19 15:47:35	5235246442	test-d58	18.209.14.133	Local7	Info	app/worker.1	[2020-03-20 00:47:35] development.DEBUG: roop  \n
1177322816072130564	2020-03-19 15:47:35	2020-03-19 15:47:35	5235246442	test-d58	18.209.14.133	Local7	Info	app/worker.1	[2020-03-20 00:47:35] development.DEBUG: SearchTweetRoopJob  \n
1177322816072130565	2020-03-19 15:47:35	2020-03-19 15:47:35	5235246442	test-d58	18.209.14.133	Local7	Info	app/worker.1	[2020-03-20 00:47:35] development.DEBUG: queu_id : 162  \n
1177322816072130566	2020-03-19 15:47:35	2020-03-19 15:47:35	5235246442	test-d58	18.209.14.133	Local7	Info	app/worker.1	[2020-03-20 00:47:35] development.DEBUG: https://api.twitter.com/1.1/search/tweets.json  \n
1177322816072130567	2020-03-19 15:47:35	2020-03-19 15:47:35	5235246442	test-d58	18.209.14.133	Local7	Info	app/worker.1	[2020-03-20 00:47:35] development.DEBUG: リクエスト前にAPI制限・状態判定を開始します。  \n
1177322816072130568	2020-03-19 15:47:35	2020-03-19 15:47:35	5235246442	test-d58	18.209.14.133	Local7	Info	app/worker.1	[2020-03-20 00:47:35] development.DEBUG: initDailyCounter  \n
1177322816076324864	2020-03-19 15:47:35	2020-03-19 15:47:35	5235246442	test-d58	18.209.14.133	Local7	Info	app/worker.1	[2020-03-20 00:47:35] development.DEBUG:   \n
1177322816076324865	2020-03-19 15:47:35	2020-03-19 15:47:35	5235246442	test-d58	18.209.14.133	Local7	Info	app/worker.1	[2020-03-20 00:47:35] development.DEBUG: 1  \n
1177322816076324866	2020-03-19 15:47:35	2020-03-19 15:47:35	5235246442	test-d58	18.209.14.133	Local7	Info	app/worker.1	[2020-03-20 00:47:35] development.DEBUG: 2020-03-20 00:00:00  \n
1177322816076324867	2020-03-19 15:47:35	2020-03-19 15:47:35	5235246442	test-d58	18.209.14.133	Local7	Info	app/worker.1	[2020-03-20 00:47:35] development.DEBUG: 2020/03/19  \n
1177322816076324868	2020-03-19 15:47:35	2020-03-19 15:47:35	5235246442	test-d58	18.209.14.133	Local7	Info	app/worker.1	[2020-03-20 00:47:35] development.DEBUG: 1  \n
1177322816076324869	2020-03-19 15:47:35	2020-03-19 15:47:35	5235246442	test-d58	18.209.14.133	Local7	Info	app/worker.1	[2020-03-20 00:47:35] development.DEBUG: haveRestricted  \n
1177322816076324870	2020-03-19 15:47:35	2020-03-19 15:47:35	5235246442	test-d58	18.209.14.133	Local7	Info	app/worker.1	[2020-03-20 00:47:35] development.DEBUG: checkApi_counter  \n
1177322816076324871	2020-03-19 15:47:35	2020-03-19 15:47:35	5235246442	test-d58	18.209.14.133	Local7	Info	app/worker.1	[2020-03-20 00:47:35] development.DEBUG: 日付判定確認 : 1  \n
1177322816076324872	2020-03-19 15:47:35	2020-03-19 15:47:35	5235246442	test-d58	18.209.14.133	Local7	Info	app/worker.1	[2020-03-20 00:47:35] development.DEBUG: accese: 制限判定を通過しました。  \n
1177322816076324873	2020-03-19 15:47:35	2020-03-19 15:47:35	5235246442	test-d58	18.209.14.133	Local7	Info	app/worker.1	[2020-03-20 00:47:35] development.DEBUG: 1053251462803779584-BRdGOerk5Wgi4IQKERhDUGcizpOQCr  \n
1177322816076324874	2020-03-19 15:47:35	2020-03-19 15:47:35	5235246442	test-d58	18.209.14.133	Local7	Info	app/worker.1	[2020-03-20 00:47:35] development.DEBUG: oh7aRuh9t7n8rb03GWJp5LvKbuFm6lWYQis6C4SdZwEGC  \n
1177322816076324875	2020-03-19 15:47:35	2020-03-19 15:47:35	5235246442	test-d58	18.209.14.133	Local7	Info	app/worker.1	[2020-03-20 00:47:35] development.DEBUG: {"q":"\u30ac\u30ea\u30ac\u30ea\u541b ","locale":"ja","lang":"ja","result_type":"recent","count":"10","max_id":"","include_entities":false}  \n
1177322817187090432	2020-03-19 15:47:35	2020-03-19 15:47:35	5235246442	test-d58	18.208.152.135	Local7	Info	app/worker.1	[2020-03-20 00:47:35] development.DEBUG: checkApi  \n
1177322817247080449	2020-03-19 15:47:35	2020-03-19 15:47:35	5235246442	test-d58	18.208.152.135	Local7	Info	app/worker.1	[2020-03-20 00:47:35] development.DEBUG: search_tweets  \n
1177322817247080450	2020-03-19 15:47:35	2020-03-19 15:47:35	5235246442	test-d58	18.208.152.135	Local7	Info	app/worker.1	[2020-03-20 00:47:35] development.DEBUG: 制限状態：1  \n
1177322817247080451	2020-03-19 15:47:35	2020-03-19 15:47:35	5235246442	test-d58	18.208.152.135	Local7	Info	app/worker.1	[2020-03-20 00:47:35] development.DEBUG: 使用状態：1  \n
1177322817247080452	2020-03-19 15:47:35	2020-03-19 15:47:35	5235246442	test-d58	18.208.152.135	Local7	Info	app/worker.1	[2020-03-20 00:47:35] development.DEBUG: ツイート数：10  \n
1177322817247080453	2020-03-19 15:47:35	2020-03-19 15:47:35	5235246442	test-d58	18.208.152.135	Local7	Info	app/worker.1	[2020-03-20 00:47:35] development.DEBUG: next id：?max_id=1240663251165175808&q=%E3%82%AC%E3%83%AA%E3%82%AC%E3%83%AA%E5%90%9B&lang=ja&count=10&result_type=recent  \n
1177322817247080455	2020-03-19 15:47:35	2020-03-19 15:47:35	5235246442	test-d58	18.208.152.135	Local7	Info	app/worker.1	[2020-03-20 00:47:35] development.DEBUG: next max_id : 1240663251165175808  \n
1177322817247080456	2020-03-19 15:47:35	2020-03-19 15:47:35	5235246442	test-d58	18.208.152.135	Local7	Info	app/worker.1	[2020-03-20 00:47:35] development.DEBUG: destruct  \n
1177322817247080457	2020-03-19 15:47:35	2020-03-19 15:47:35	5235246442	test-d58	18.208.152.135	Local7	Info	app/worker.1	[2020-03-20 00:47:35] development.DEBUG: 172  \n
1177322817247080459	2020-03-19 15:47:35	2020-03-19 15:47:35	5235246442	test-d58	18.208.152.135	Local7	Info	app/worker.1	[2020-03-20 00:47:35][162] Processed:  App\Jobs\favorite\SearchTweetRoopJob\n
1177323827621666818	2020-03-19 15:51:36	2020-03-19 15:51:36	5235246442	test-d58	3.81.14.241	Local7	Info	app/worker.1	[2020-03-20 00:51:36][172] Processing: App\Jobs\favorite\FavoriteCreateRoopJob\n
1177323827671093251	2020-03-19 15:51:36	2020-03-19 15:51:36	5235246442	test-d58	3.81.14.241	Local7	Info	app/worker.1	[2020-03-20 00:51:36] development.DEBUG: roop  \n
1177323827671093252	2020-03-19 15:51:36	2020-03-19 15:51:36	5235246442	test-d58	3.81.14.241	Local7	Info	app/worker.1	[2020-03-20 00:51:36] development.DEBUG: FavoriteCreateRoopJob  \n
1177323827671093253	2020-03-19 15:51:36	2020-03-19 15:51:36	5235246442	test-d58	3.81.14.241	Local7	Info	app/worker.1	[2020-03-20 00:51:36] development.DEBUG: queue_id : 172  \n
1177323827671093254	2020-03-19 15:51:36	2020-03-19 15:51:36	5235246442	test-d58	3.81.14.241	Local7	Info	app/worker.1	[2020-03-20 00:51:36] development.DEBUG: https://api.twitter.com/1.1/favorites/create.json  \n
1177323827671093255	2020-03-19 15:51:36	2020-03-19 15:51:36	5235246442	test-d58	3.81.14.241	Local7	Info	app/worker.1	[2020-03-20 00:51:36] development.DEBUG: リクエスト前にAPI制限・状態判定を開始します。  \n
1177323827671093256	2020-03-19 15:51:36	2020-03-19 15:51:36	5235246442	test-d58	3.81.14.241	Local7	Info	app/worker.1	[2020-03-20 00:51:36] development.DEBUG: initDailyCounter  \n
1177323827671093257	2020-03-19 15:51:36	2020-03-19 15:51:36	5235246442	test-d58	3.81.14.241	Local7	Info	app/worker.1	[2020-03-20 00:51:36] development.DEBUG: 1  \n
1177323827671093258	2020-03-19 15:51:36	2020-03-19 15:51:36	5235246442	test-d58	3.81.14.241	Local7	Info	app/worker.1	[2020-03-20 00:51:36] development.DEBUG: 1  \n
1177323827671093259	2020-03-19 15:51:36	2020-03-19 15:51:36	5235246442	test-d58	3.81.14.241	Local7	Info	app/worker.1	[2020-03-20 00:51:36] development.DEBUG: 2020-03-20 00:00:00  \n
1177323827671093260	2020-03-19 15:51:36	2020-03-19 15:51:36	5235246442	test-d58	3.81.14.241	Local7	Info	app/worker.1	[2020-03-20 00:51:36] development.DEBUG: 2020/03/20  \n
1177323827671093261	2020-03-19 15:51:36	2020-03-19 15:51:36	5235246442	test-d58	3.81.14.241	Local7	Info	app/worker.1	[2020-03-20 00:51:36] development.DEBUG:   \n
1177323827671093262	2020-03-19 15:51:36	2020-03-19 15:51:36	5235246442	test-d58	3.81.14.241	Local7	Info	app/worker.1	[2020-03-20 00:51:36] development.DEBUG: haveRestricted  \n
1177323827671093263	2020-03-19 15:51:36	2020-03-19 15:51:36	5235246442	test-d58	3.81.14.241	Local7	Info	app/worker.1	[2020-03-20 00:51:36] development.DEBUG: checkApi_counter  \n
1177323827671093264	2020-03-19 15:51:36	2020-03-19 15:51:36	5235246442	test-d58	3.81.14.241	Local7	Info	app/worker.1	[2020-03-20 00:51:36] development.DEBUG: 日付判定確認 : 1  \n
1177323827671093265	2020-03-19 15:51:36	2020-03-19 15:51:36	5235246442	test-d58	3.81.14.241	Local7	Info	app/worker.1	[2020-03-20 00:51:36] development.DEBUG: 2020-03-20 00:00:00  \n
1177323827671093266	2020-03-19 15:51:36	2020-03-19 15:51:36	5235246442	test-d58	3.81.14.241	Local7	Info	app/worker.1	[2020-03-20 00:51:36] development.DEBUG: 2020-03-20 00:51:36  \n
1177323827671093267	2020-03-19 15:51:36	2020-03-19 15:51:36	5235246442	test-d58	3.81.14.241	Local7	Info	app/worker.1	[2020-03-20 00:51:36] development.DEBUG: accese: 制限判定を通過しました。  \n
1177323827671093268	2020-03-19 15:51:36	2020-03-19 15:51:36	5235246442	test-d58	3.81.14.241	Local7	Info	app/worker.1	[2020-03-20 00:51:36] development.DEBUG: 1053251462803779584-BRdGOerk5Wgi4IQKERhDUGcizpOQCr  \n
1177323827671093269	2020-03-19 15:51:36	2020-03-19 15:51:36	5235246442	test-d58	3.81.14.241	Local7	Info	app/worker.1	[2020-03-20 00:51:36] development.DEBUG: oh7aRuh9t7n8rb03GWJp5LvKbuFm6lWYQis6C4SdZwEGC  \n
1177323827671093270	2020-03-19 15:51:36	2020-03-19 15:51:36	5235246442	test-d58	3.81.14.241	Local7	Info	app/worker.1	[2020-03-20 00:51:36] development.DEBUG: {"id":1240665209183694849}  \n
1177323828746870909	2020-03-19 15:51:36	2020-03-19 15:51:36	5235246442	test-d58	184.72.181.47	Local7	Info	app/worker.1	[2020-03-20 00:51:36] development.DEBUG: checkApi  \n
1177323828819685379	2020-03-19 15:51:36	2020-03-19 15:51:36	5235246442	test-d58	184.72.181.47	Local7	Info	app/worker.1	[2020-03-20 00:51:36] development.DEBUG: favorites_create  \n
1177323828819685380	2020-03-19 15:51:36	2020-03-19 15:51:36	5235246442	test-d58	184.72.181.47	Local7	Info	app/worker.1	[2020-03-20 00:51:36] development.DEBUG: 制限状態：1  \n
1177323828819685381	2020-03-19 15:51:36	2020-03-19 15:51:36	5235246442	test-d58	184.72.181.47	Local7	Info	app/worker.1	[2020-03-20 00:51:36] development.DEBUG: 使用状態：1  \n
1177323828819685382	2020-03-19 15:51:36	2020-03-19 15:51:36	5235246442	test-d58	184.72.181.47	Local7	Info	app/worker.1	[2020-03-20 00:51:36] development.DEBUG: next いいね：  \n
1177323828819685383	2020-03-19 15:51:36	2020-03-19 15:51:36	5235246442	test-d58	184.72.181.47	Local7	Info	app/worker.1	[2020-03-20 00:51:36] development.DEBUG: destruct  \n
1177323828819685384	2020-03-19 15:51:36	2020-03-19 15:51:36	5235246442	test-d58	184.72.181.47	Local7	Info	app/worker.1	[2020-03-20 00:51:36] development.DEBUG: 182  \n
1177323828819685385	2020-03-19 15:51:36	2020-03-19 15:51:36	5235246442	test-d58	184.72.181.47	Local7	Info	app/worker.1	[2020-03-20 00:51:36] development.DEBUG: いいねJob発行:ループ開始  \n
1177323828819685386	2020-03-19 15:51:36	2020-03-19 15:51:36	5235246442	test-d58	184.72.181.47	Local7	Info	app/worker.1	[2020-03-20 00:51:36][172] Processed:  App\Jobs\favorite\FavoriteCreateRoopJob\n
1177324578103435276	2020-03-19 15:54:35	2020-03-19 15:54:35	5235246442	test-d58	54.91.34.192	Local3	Info	heroku/router	at=info method=HEAD path="/" host=test-d58.herokuapp.com request_id=7e936320-a504-4c61-9d34-f65dbfb4bf89 fwd="216.245.221.84" dyno=web.1 connect=1ms service=17ms status=200 bytes=844 protocol=http\n
1177324578133696513	2020-03-19 15:54:35	2020-03-19 15:54:35	5235246442	test-d58	100.26.206.241	Local7	Info	app/web.1	10.41.233.123 - - [20/Mar/2020:00:54:35 +0900] "HEAD / HTTP/1.1" 200 - "http://test-d58.herokuapp.com/" "Mozilla/5.0+(compatible; UptimeRobot/2.0; http://www.uptimerobot.com/)\n
1177324839217897478	2020-03-19 15:55:37	2020-03-19 15:55:37	5235246442	test-d58	3.83.203.55	Local7	Info	app/worker.1	[2020-03-20 00:55:37][182] Processing: App\Jobs\favorite\FavoriteCreateRoopJob\n
1177324839283597313	2020-03-19 15:55:37	2020-03-19 15:55:37	5235246442	test-d58	3.83.203.55	Local7	Info	app/worker.1	[2020-03-20 00:55:37] development.DEBUG: roop  \n
1177324839283597314	2020-03-19 15:55:37	2020-03-19 15:55:37	5235246442	test-d58	3.83.203.55	Local7	Info	app/worker.1	[2020-03-20 00:55:37] development.DEBUG: FavoriteCreateRoopJob  \n
1177324839283597315	2020-03-19 15:55:37	2020-03-19 15:55:37	5235246442	test-d58	3.83.203.55	Local7	Info	app/worker.1	[2020-03-20 00:55:37] development.DEBUG: queue_id : 182  \n
1177324839283597316	2020-03-19 15:55:37	2020-03-19 15:55:37	5235246442	test-d58	3.83.203.55	Local7	Info	app/worker.1	[2020-03-20 00:55:37] development.DEBUG: https://api.twitter.com/1.1/favorites/create.json  \n
1177324839283597317	2020-03-19 15:55:37	2020-03-19 15:55:37	5235246442	test-d58	3.83.203.55	Local7	Info	app/worker.1	[2020-03-20 00:55:37] development.DEBUG: リクエスト前にAPI制限・状態判定を開始します。  \n
1177324839283597318	2020-03-19 15:55:37	2020-03-19 15:55:37	5235246442	test-d58	3.83.203.55	Local7	Info	app/worker.1	[2020-03-20 00:55:37] development.DEBUG: initDailyCounter  \n
1177324839283597319	2020-03-19 15:55:37	2020-03-19 15:55:37	5235246442	test-d58	3.83.203.55	Local7	Info	app/worker.1	[2020-03-20 00:55:37] development.DEBUG: 1  \n
1177324839283597320	2020-03-19 15:55:37	2020-03-19 15:55:37	5235246442	test-d58	3.83.203.55	Local7	Info	app/worker.1	[2020-03-20 00:55:37] development.DEBUG: 1  \n
1177324839283597321	2020-03-19 15:55:37	2020-03-19 15:55:37	5235246442	test-d58	3.83.203.55	Local7	Info	app/worker.1	[2020-03-20 00:55:37] development.DEBUG: 2020-03-20 00:00:00  \n
1177324839283597322	2020-03-19 15:55:37	2020-03-19 15:55:37	5235246442	test-d58	3.83.203.55	Local7	Info	app/worker.1	[2020-03-20 00:55:37] development.DEBUG: 2020/03/20  \n
1177324839283597323	2020-03-19 15:55:37	2020-03-19 15:55:37	5235246442	test-d58	3.83.203.55	Local7	Info	app/worker.1	[2020-03-20 00:55:37] development.DEBUG:   \n
1177324839283597324	2020-03-19 15:55:37	2020-03-19 15:55:37	5235246442	test-d58	3.83.203.55	Local7	Info	app/worker.1	[2020-03-20 00:55:37] development.DEBUG: haveRestricted  \n
1177324839283597325	2020-03-19 15:55:37	2020-03-19 15:55:37	5235246442	test-d58	3.83.203.55	Local7	Info	app/worker.1	[2020-03-20 00:55:37] development.DEBUG: checkApi_counter  \n
1177324839283597326	2020-03-19 15:55:37	2020-03-19 15:55:37	5235246442	test-d58	3.83.203.55	Local7	Info	app/worker.1	[2020-03-20 00:55:37] development.DEBUG: 日付判定確認 : 1  \n
1177324839283597327	2020-03-19 15:55:37	2020-03-19 15:55:37	5235246442	test-d58	3.83.203.55	Local7	Info	app/worker.1	[2020-03-20 00:55:37] development.DEBUG: 2020-03-20 00:00:00  \n
1177324839283597328	2020-03-19 15:55:37	2020-03-19 15:55:37	5235246442	test-d58	3.83.203.55	Local7	Info	app/worker.1	[2020-03-20 00:55:37] development.DEBUG: 2020-03-20 00:55:37  \n
1177324839283597329	2020-03-19 15:55:37	2020-03-19 15:55:37	5235246442	test-d58	3.83.203.55	Local7	Info	app/worker.1	[2020-03-20 00:55:37] development.DEBUG: accese: 制限判定を通過しました。  \n
1177324839283597330	2020-03-19 15:55:37	2020-03-19 15:55:37	5235246442	test-d58	3.83.203.55	Local7	Info	app/worker.1	[2020-03-20 00:55:37] development.DEBUG: 1053251462803779584-BRdGOerk5Wgi4IQKERhDUGcizpOQCr  \n
1177324839283597332	2020-03-19 15:55:37	2020-03-19 15:55:37	5235246442	test-d58	3.83.203.55	Local7	Info	app/worker.1	[2020-03-20 00:55:37] development.DEBUG: oh7aRuh9t7n8rb03GWJp5LvKbuFm6lWYQis6C4SdZwEGC  \n
1177324839283597333	2020-03-19 15:55:37	2020-03-19 15:55:37	5235246442	test-d58	3.83.203.55	Local7	Info	app/worker.1	[2020-03-20 00:55:37] development.DEBUG: {"id":1240663951429386241}  \n
1177324841207009280	2020-03-19 15:55:37	2020-03-19 15:55:38	5235246442	test-d58	3.87.196.3	Local7	Info	app/worker.1	[2020-03-20 00:55:37] development.DEBUG: checkApi  \n
1177324841247662085	2020-03-19 15:55:38	2020-03-19 15:55:38	5235246442	test-d58	3.87.196.3	Local7	Info	app/worker.1	[2020-03-20 00:55:38] development.DEBUG: favorites_create  \n
1177324841247662087	2020-03-19 15:55:38	2020-03-19 15:55:38	5235246442	test-d58	3.87.196.3	Local7	Info	app/worker.1	[2020-03-20 00:55:38] development.DEBUG: 制限状態：1  \n
1177324841247662088	2020-03-19 15:55:38	2020-03-19 15:55:38	5235246442	test-d58	3.87.196.3	Local7	Info	app/worker.1	[2020-03-20 00:55:38] development.DEBUG: 使用状態：1  \n
1177324841247662089	2020-03-19 15:55:38	2020-03-19 15:55:38	5235246442	test-d58	3.87.196.3	Local7	Info	app/worker.1	[2020-03-20 00:55:38] development.DEBUG: next いいね：  \n
1177324841247662090	2020-03-19 15:55:38	2020-03-19 15:55:38	5235246442	test-d58	3.87.196.3	Local7	Info	app/worker.1	[2020-03-20 00:55:38] development.DEBUG: destruct  \n
1177324841247662091	2020-03-19 15:55:38	2020-03-19 15:55:38	5235246442	test-d58	3.87.196.3	Local7	Info	app/worker.1	[2020-03-20 00:55:38] development.DEBUG: 192  \n
1177324841247662092	2020-03-19 15:55:38	2020-03-19 15:55:38	5235246442	test-d58	3.87.196.3	Local7	Info	app/worker.1	[2020-03-20 00:55:38] development.DEBUG: いいねJob発行:ループ開始  \n
1177324841247662093	2020-03-19 15:55:38	2020-03-19 15:55:38	5235246442	test-d58	3.87.196.3	Local7	Info	app/worker.1	[2020-03-20 00:55:38][182] Processed:  App\Jobs\favorite\FavoriteCreateRoopJob\n
1177325852396757001	2020-03-19 15:59:39	2020-03-19 15:59:39	5235246442	test-d58	54.82.34.86	Local7	Info	app/worker.1	[2020-03-20 00:59:39][192] Processing: App\Jobs\favorite\FavoriteCreateRoopJob\n
1177325852446183432	2020-03-19 15:59:39	2020-03-19 15:59:39	5235246442	test-d58	54.82.34.86	Local7	Info	app/worker.1	[2020-03-20 00:59:39] development.DEBUG: roop  \n
1177325852446183433	2020-03-19 15:59:39	2020-03-19 15:59:39	5235246442	test-d58	54.82.34.86	Local7	Info	app/worker.1	[2020-03-20 00:59:39] development.DEBUG: FavoriteCreateRoopJob  \n
1177325852446183434	2020-03-19 15:59:39	2020-03-19 15:59:39	5235246442	test-d58	54.82.34.86	Local7	Info	app/worker.1	[2020-03-20 00:59:39] development.DEBUG: queue_id : 192  \n
1177325852446183435	2020-03-19 15:59:39	2020-03-19 15:59:39	5235246442	test-d58	54.82.34.86	Local7	Info	app/worker.1	[2020-03-20 00:59:39] development.DEBUG: https://api.twitter.com/1.1/favorites/create.json  \n
1177325852446183437	2020-03-19 15:59:39	2020-03-19 15:59:39	5235246442	test-d58	54.82.34.86	Local7	Info	app/worker.1	[2020-03-20 00:59:39] development.DEBUG: リクエスト前にAPI制限・状態判定を開始します。  \n
1177325852446183438	2020-03-19 15:59:39	2020-03-19 15:59:39	5235246442	test-d58	54.82.34.86	Local7	Info	app/worker.1	[2020-03-20 00:59:39] development.DEBUG: initDailyCounter  \n
1177325852446183439	2020-03-19 15:59:39	2020-03-19 15:59:39	5235246442	test-d58	54.82.34.86	Local7	Info	app/worker.1	[2020-03-20 00:59:39] development.DEBUG: 1  \n
1177325852446183440	2020-03-19 15:59:39	2020-03-19 15:59:39	5235246442	test-d58	54.82.34.86	Local7	Info	app/worker.1	[2020-03-20 00:59:39] development.DEBUG: 1  \n
1177325852446183441	2020-03-19 15:59:39	2020-03-19 15:59:39	5235246442	test-d58	54.82.34.86	Local7	Info	app/worker.1	[2020-03-20 00:59:39] development.DEBUG: 2020-03-20 00:00:00  \n
1177325852446183442	2020-03-19 15:59:39	2020-03-19 15:59:39	5235246442	test-d58	54.82.34.86	Local7	Info	app/worker.1	[2020-03-20 00:59:39] development.DEBUG: 2020/03/20  \n
1177325852446183443	2020-03-19 15:59:39	2020-03-19 15:59:39	5235246442	test-d58	54.82.34.86	Local7	Info	app/worker.1	[2020-03-20 00:59:39] development.DEBUG:   \n
1177325852446183444	2020-03-19 15:59:39	2020-03-19 15:59:39	5235246442	test-d58	54.82.34.86	Local7	Info	app/worker.1	[2020-03-20 00:59:39] development.DEBUG: haveRestricted  \n
1177325852446183445	2020-03-19 15:59:39	2020-03-19 15:59:39	5235246442	test-d58	54.82.34.86	Local7	Info	app/worker.1	[2020-03-20 00:59:39] development.DEBUG: checkApi_counter  \n
1177325852446183446	2020-03-19 15:59:39	2020-03-19 15:59:39	5235246442	test-d58	54.82.34.86	Local7	Info	app/worker.1	[2020-03-20 00:59:39] development.DEBUG: 日付判定確認 : 1  \n
1177325852446183447	2020-03-19 15:59:39	2020-03-19 15:59:39	5235246442	test-d58	54.82.34.86	Local7	Info	app/worker.1	[2020-03-20 00:59:39] development.DEBUG: 2020-03-20 00:00:00  \n
1177325852446183448	2020-03-19 15:59:39	2020-03-19 15:59:39	5235246442	test-d58	54.82.34.86	Local7	Info	app/worker.1	[2020-03-20 00:59:39] development.DEBUG: 2020-03-20 00:59:39  \n
1177325852446183449	2020-03-19 15:59:39	2020-03-19 15:59:39	5235246442	test-d58	54.82.34.86	Local7	Info	app/worker.1	[2020-03-20 00:59:39] development.DEBUG: accese: 制限判定を通過しました。  \n
1177325852446183450	2020-03-19 15:59:39	2020-03-19 15:59:39	5235246442	test-d58	54.82.34.86	Local7	Info	app/worker.1	[2020-03-20 00:59:39] development.DEBUG: 1053251462803779584-BRdGOerk5Wgi4IQKERhDUGcizpOQCr  \n
1177325852446183451	2020-03-19 15:59:39	2020-03-19 15:59:39	5235246442	test-d58	54.82.34.86	Local7	Info	app/worker.1	[2020-03-20 00:59:39] development.DEBUG: oh7aRuh9t7n8rb03GWJp5LvKbuFm6lWYQis6C4SdZwEGC  \n
1177325852446183452	2020-03-19 15:59:39	2020-03-19 15:59:39	5235246442	test-d58	54.82.34.86	Local7	Info	app/worker.1	[2020-03-20 00:59:39] development.DEBUG: {"id":1240663819279429634}  \n
1177325853473116163	2020-03-19 15:59:39	2020-03-19 15:59:39	5235246442	test-d58	52.87.238.0	Local7	Info	app/worker.1	[2020-03-20 00:59:39] development.DEBUG: checkApi  \n
1177325853527666689	2020-03-19 15:59:39	2020-03-19 15:59:39	5235246442	test-d58	52.87.238.0	Local7	Info	app/worker.1	[2020-03-20 00:59:39] development.DEBUG: favorites_create  \n
1177325853527666690	2020-03-19 15:59:39	2020-03-19 15:59:39	5235246442	test-d58	52.87.238.0	Local7	Info	app/worker.1	[2020-03-20 00:59:39] development.DEBUG: 制限状態：1  \n
1177325853527666691	2020-03-19 15:59:39	2020-03-19 15:59:39	5235246442	test-d58	52.87.238.0	Local7	Info	app/worker.1	[2020-03-20 00:59:39] development.DEBUG: 使用状態：1  \n
1177325853527666692	2020-03-19 15:59:39	2020-03-19 15:59:39	5235246442	test-d58	52.87.238.0	Local7	Info	app/worker.1	[2020-03-20 00:59:39] development.DEBUG: next いいね：  \n
1177325853527666693	2020-03-19 15:59:39	2020-03-19 15:59:39	5235246442	test-d58	52.87.238.0	Local7	Info	app/worker.1	[2020-03-20 00:59:39] development.DEBUG: destruct  \n
1177325853527666694	2020-03-19 15:59:39	2020-03-19 15:59:39	5235246442	test-d58	52.87.238.0	Local7	Info	app/worker.1	[2020-03-20 00:59:39] development.DEBUG: 202  \n
1177325853527666695	2020-03-19 15:59:39	2020-03-19 15:59:39	5235246442	test-d58	52.87.238.0	Local7	Info	app/worker.1	[2020-03-20 00:59:39] development.DEBUG: いいねJob発行:ループ開始  \n
1177325853527666696	2020-03-19 15:59:39	2020-03-19 15:59:39	5235246442	test-d58	52.87.238.0	Local7	Info	app/worker.1	[2020-03-20 00:59:39][192] Processed:  App\Jobs\favorite\FavoriteCreateRoopJob\n
